player_id,current_club_id,first_name,last_name,name,position,sub_position,age,market_value_in_eur,current_club_name,competition_name,Apps,Mins,Assists,KeyP,AvgP,PS%,Crosses,LongB,ThrB,Rating
581678,16,Jude,Bellingham,Jude Bellingham,Midfield,Central Midfield,19,110000000,Borussia Dortmund,bundesliga,30(1),2693.0,4,1.1,51.2,83.1,0.2,3.7,0.2,7.58
580195,27,Jamal,Musiala,Jamal Musiala,Midfield,Attacking Midfield,19,100000000,Bayern Munich,bundesliga,26(7),2212.0,10,1.6,30.0,85.4,0.1,0.5,0.1,7.34
369081,418,Federico,Valverde,Federico Valverde,Midfield,Central Midfield,24,100000000,Real Madrid,laliga,29(5),2509.0,4,1.3,46.8,88.4,0.2,1.7,-,7.08
413112,418,Aurélien,Tchouaméni,Aurélien Tchouaméni,Midfield,Defensive Midfield,22,90000000,Real Madrid,laliga,24(9),2120.0,4,0.7,51.1,93.5,-,1.2,0.1,7.04
357662,379,Declan,Rice,Declan Rice,Midfield,Defensive Midfield,23,80000000,West Ham United,premier-league,36(1),3272.0,2,1.0,56.3,88.0,0.3,4.1,-,7.02
161056,27,Joshua,Kimmich,Joshua Kimmich,Midfield,Defensive Midfield,27,80000000,Bayern Munich,bundesliga,32(1),2815.0,6,2.6,75.5,89.7,2.2,4.8,0.3,7.47
241641,281,Bernardo,Silva,Bernardo Silva,Midfield,Attacking Midfield,28,80000000,Manchester City,premier-league,24(10),2203.0,5,0.9,41.7,89.1,0.4,1.7,0.1,6.8
346483,631,Mason,Mount,Mason Mount,Midfield,Attacking Midfield,23,75000000,Chelsea FC,premier-league,20(4),1658.0,2,1.3,29.4,80.1,0.6,1.0,0.1,6.7
240306,985,Bruno,Fernandes,Bruno Fernandes,Midfield,Attacking Midfield,28,75000000,Manchester United,premier-league,37,3320.0,8,3.2,50.1,77.7,0.9,3.1,0.6,7.44
598577,15,Florian,Wirtz,Florian Wirtz,Midfield,Attacking Midfield,19,70000000,Bayer 04 Leverkusen,bundesliga,11(6),1092.0,6,2.3,34.0,78.5,0.5,1.5,0.4,7.14
255942,46,Nicolò,Barella,Nicolò Barella,Midfield,Central Midfield,25,70000000,Inter Milan,serie-a,31(4),2622.0,6,1.6,42.9,85.0,0.6,1.8,0.1,6.94
153084,27,Leon,Goretzka,Leon Goretzka,Midfield,Central Midfield,27,65000000,Bayern Munich,bundesliga,22(5),1738.0,2,0.8,36.8,82.8,-,1.1,0.1,6.89
520624,762,Bruno,Guimarães,Bruno Guimarães,Midfield,Defensive Midfield,25,60000000,Newcastle United,premier-league,32,2735.0,5,1.3,51.0,84.6,0.1,3.2,0.3,7.21
316264,11,Martin,Ødegaard,Martin Ødegaard,Midfield,Attacking Midfield,24,60000000,Arsenal FC,premier-league,37,3149.0,7,2.1,45.6,84.0,0.5,1.5,0.3,7.29
294057,1003,James,Maddison,James Maddison,Midfield,Attacking Midfield,26,55000000,Leicester City,premier-league,28(2),2486.0,9,2.3,33.8,79.5,1.2,1.7,0.2,7.24
648195,631,Enzo,Fernández,Enzo Fernández,Midfield,Defensive Midfield,21,55000000,Chelsea FC,premier-league,18,1551.0,2,1.1,78.9,89.1,0.1,7.4,0.3,6.8
640428,418,Eduardo,Camavinga,Eduardo Camavinga,Midfield,Central Midfield,20,50000000,Real Madrid,laliga,21(16),2003.0,1,0.6,38.3,91.2,-,1.4,0.1,6.78
102558,583,Marco,Verratti,Marco Verratti,Midfield,Central Midfield,30,50000000,Paris Saint-Germain,ligue-1,27(2),2206.0,-,1.1,87.5,92.9,0.1,2.8,0.2,6.94
397033,5,Sandro,Tonali,Sandro Tonali,Midfield,Defensive Midfield,22,50000000,AC Milan,serie-a,30(4),2721.0,7,1.8,41.3,81.0,0.9,2.5,0.1,6.91
338424,681,Mikel,Merino,Mikel Merino,Midfield,Central Midfield,26,50000000,Real Sociedad,laliga,28(5),2500.0,9,1.3,44.3,77.6,0.2,2.0,0.2,7.13
351749,281,Kalvin,Phillips,Kalvin Phillips,Midfield,Defensive Midfield,27,45000000,Manchester City,premier-league,2(10),291.0,-,0.3,26.0,92.6,-,1.3,-,6.26
286297,12,Lorenzo,Pellegrini,Lorenzo Pellegrini,Midfield,Attacking Midfield,26,45000000,AS Roma,serie-a,29(3),2558.0,5,2.2,29.5,80.1,1.7,1.6,0.1,7.09
350219,583,Fabián,Ruiz,Fabián Ruiz,Midfield,Central Midfield,26,45000000,Paris Saint-Germain,ligue-1,21(6),1899.0,2,0.6,64.1,92.3,-,2.1,0.1,6.89
274839,1003,Wilfred,Ndidi,Wilfred Ndidi,Midfield,Defensive Midfield,26,40000000,Leicester City,premier-league,19(8),1683.0,-,0.1,33.1,84.0,-,0.8,-,6.49
225161,543,Rúben,Neves,Rúben Neves,Midfield,Defensive Midfield,25,40000000,Wolverhampton Wanderers,premier-league,33(2),3022.0,1,0.9,58.1,84.0,0.3,6.1,0.1,6.95
181136,6195,Piotr,Zielinski,Piotr Zielinski,Midfield,Central Midfield,28,40000000,SSC Napoli,serie-a,27(10),2306.0,8,2.3,38.7,87.5,1.2,1.0,0.1,6.93
351816,5,Ismaël,Bennacer,Ismaël Bennacer,Midfield,Defensive Midfield,25,40000000,AC Milan,serie-a,24(4),2015.0,2,1.5,47.8,89.2,0.8,3.3,0.1,6.96
51471,631,Mateo,Kovacic,Mateo Kovacic,Midfield,Central Midfield,28,40000000,Chelsea FC,premier-league,17(10),1708.0,2,0.9,48.5,86.0,-,1.7,0.1,6.48
203496,150,Nabil,Fekir,Nabil Fekir,Midfield,Attacking Midfield,29,40000000,Real Betis Balompié,laliga,12(3),970.0,2,1.5,28.7,84.7,0.7,0.5,-,6.69
354362,148,Rodrigo,Bentancur,Rodrigo Bentancur,Midfield,Central Midfield,25,40000000,Tottenham Hotspur,premier-league,17(1),1506.0,2,0.6,47.6,85.2,0.2,1.3,0.1,7.22
293385,23826,Dani,Olmo,Dani Olmo,Midfield,Attacking Midfield,24,40000000,RB Leipzig,bundesliga,15(8),1285.0,5,1.7,25.0,77.4,0.1,0.8,0.5,6.92
249565,1003,Youri,Tielemans,Youri Tielemans,Midfield,Central Midfield,25,40000000,Leicester City,premier-league,27(4),2351.0,2,1.0,50.2,82.1,0.4,2.1,0.2,6.8
423440,681,Martín,Zubimendi,Martín Zubimendi,Midfield,Defensive Midfield,23,40000000,Real Sociedad,laliga,35(1),3102.0,3,0.6,50.0,85.6,0.1,2.3,0.1,6.71
354361,6195,Frank,Anguissa,Frank Anguissa,Midfield,Central Midfield,27,38000000,SSC Napoli,serie-a,36,3062.0,5,0.9,61.8,88.8,-,1.7,-,7.03
230784,11,Thomas,Partey,Thomas Partey,Midfield,Defensive Midfield,29,38000000,Arsenal FC,premier-league,28(5),2487.0,-,0.8,59.0,88.0,0.1,3.2,0.2,7.06
687626,1237,Moisés,Caicedo,Moisés Caicedo,Midfield,Defensive Midfield,21,38000000,Brighton & Hove Albion,premier-league,34(3),3141.0,1,1.2,59.7,88.8,0.2,2.4,0.1,6.92
504215,16,Giovanni,Reyna,Giovanni Reyna,Midfield,Attacking Midfield,20,35000000,Borussia Dortmund,bundesliga,4(18),612.0,2,0.5,13.0,81.1,0.3,0.4,-,6.58
565822,31,Harvey,Elliott,Harvey Elliott,Midfield,Attacking Midfield,19,35000000,Liverpool FC,premier-league,18(14),1615.0,2,0.8,29.9,82.9,0.2,1,0.2,6.52
372246,583,Carlos,Soler,Carlos Soler,Midfield,Central Midfield,25,35000000,Paris Saint-Germain,ligue-1,3,243.0,-,1.3,35.7,84.1,0.7,1.7,-,6.62
156617,46,Marcelo,Brozovic,Marcelo Brozovic,Midfield,Defensive Midfield,30,35000000,Inter Milan,serie-a,19(9),1769.0,5,0.8,51.6,89.6,0.5,2.5,0.1,6.78
485706,29,Amadou,Onana,Amadou Onana,Midfield,Defensive Midfield,21,35000000,Everton FC,premier-league,29(4),2496.0,2,0.7,29.4,84.0,-,1.2,0.1,6.71
122153,506,Paul,Pogba,Paul Pogba,Midfield,Central Midfield,29,35000000,Juventus FC,serie-a,1(5),108.0,-,0.3,10.8,73.8,-,0.3,0.2,6.42
181579,180,James,Ward-Prowse,James Ward-Prowse,Midfield,Central Midfield,28,35000000,Southampton FC,premier-league,38,3373.0,4,1.9,50.5,85.3,1.8,1.7,-,6.95
282411,13,Marcos,Llorente,Marcos Llorente,Midfield,Central Midfield,27,35000000,Atlético de Madrid,laliga,21(1),1712.0,2,1.3,32.5,85.9,0.2,0.8,-,6.81
451276,23826,Dominik,Szoboszlai,Dominik Szoboszlai,Midfield,Attacking Midfield,22,35000000,RB Leipzig,bundesliga,28(3),2453.0,8,2.3,45.2,83.0,1.5,2.5,0.3,7.32
488362,631,Conor,Gallagher,Conor Gallagher,Midfield,Central Midfield,22,32000000,Chelsea FC,premier-league,18(17),1616.0,1,0.6,23.1,84.5,0.3,0.4,-,6.54
410425,148,Yves,Bissouma,Yves Bissouma,Midfield,Central Midfield,26,32000000,Tottenham Hotspur,premier-league,10(13),1005.0,-,0.3,31.6,91.3,-,0.7,-,6.29
315969,985,Scott,McTominay,Scott McTominay,Midfield,Defensive Midfield,26,30000000,Manchester United,premier-league,10(14),1151.0,-,0.3,17.8,82.9,-,0.8,0.1,6.52
537598,11,Fábio,Vieira,Fábio Vieira,Midfield,Attacking Midfield,22,30000000,Arsenal FC,premier-league,3(19),502.0,2,0.5,12.1,84.6,0.2,0.2,-,6.31
193116,405,John,McGinn,John McGinn,Midfield,Central Midfield,28,30000000,Aston Villa,premier-league,30(4),2698.0,3,0.5,28.5,81.5,0.4,1.9,0.1,6.81
205562,13,Thomas,Lemar,Thomas Lemar,Midfield,Attacking Midfield,27,30000000,Atlético de Madrid,laliga,17(10),1259.0,3,1.0,28.1,88.4,0.4,1.0,0.1,6.63
225083,631,N'Golo,Kanté,N'Golo Kanté,Midfield,Defensive Midfield,31,30000000,Chelsea FC,premier-league,6(1),520.0,1,1.9,46.4,82.5,0.4,1.4,0.1,6.95
360518,800,Teun,Koopmeiners,Teun Koopmeiners,Midfield,Defensive Midfield,24,30000000,Atalanta BC,serie-a,32(1),2861.0,4,1.8,46.5,78.1,1.5,2.8,0.1,7.11
478573,27,Ryan,Gravenberch,Ryan Gravenberch,Midfield,Central Midfield,20,30000000,Bayern Munich,bundesliga,3(21),561.0,-,0.3,15.1,89.3,-,0.4,-,6.29
543387,873,Cheick,Doucouré,Cheick Doucouré,Midfield,Defensive Midfield,22,30000000,Crystal Palace,premier-league,34,2786.0,3,0.8,36.4,83.6,0.1,1.4,0.1,6.72
340329,762,Joe,Willock,Joe Willock,Midfield,Central Midfield,23,30000000,Newcastle United,premier-league,31(4),2578.0,6,1.1,25.4,85.1,0.4,1.0,0.1,6.88
309110,681,Brais,Méndez,Brais Méndez,Midfield,Attacking Midfield,25,30000000,Real Sociedad,laliga,28(6),2418.0,4,1.4,34.6,82.4,1,1.6,0.2,6.93
479999,873,Eberechi,Eze,Eberechi Eze,Midfield,Attacking Midfield,24,30000000,Crystal Palace,premier-league,30(8),2644.0,4,1.5,28.5,82.4,0.6,0.9,0.1,7.02
393323,399,Brenden,Aaronson,Brenden Aaronson,Midfield,Attacking Midfield,22,30000000,Leeds United,premier-league,28(8),2384.0,3,1.3,20.0,79.1,0.5,0.2,0.1,6.41
265088,506,Manuel,Locatelli,Manuel Locatelli,Midfield,Defensive Midfield,24,30000000,Juventus FC,serie-a,29(3),2460.0,2,0.7,41.8,82.7,-,3.4,-,6.88
192735,6195,Stanislav,Lobotka,Stanislav Lobotka,Midfield,Defensive Midfield,28,30000000,SSC Napoli,serie-a,34(4),3113.0,1,0.4,60.4,94.2,-,2.5,-,6.87
356141,24,Daichi,Kamada,Daichi Kamada,Midfield,Attacking Midfield,26,30000000,Eintracht Frankfurt,bundesliga,25(7),2271.0,6,1.1,37.2,83.3,0.4,1.5,0.1,6.8
182893,826,Seko,Fofana,Seko Fofana,Midfield,Central Midfield,27,30000000,RC Lens,ligue-1,34(1),3079.0,5,1,50.3,89.3,0.4,2.1,0.1,7.1
223967,23826,Konrad,Laimer,Konrad Laimer,Midfield,Central Midfield,25,28000000,RB Leipzig,bundesliga,17(4),1474.0,-,0.8,34.6,80.5,0.1,1.2,0.1,6.86
321528,46,Denzel,Dumfries,Denzel Dumfries,Midfield,Right Midfield,26,28000000,Inter Milan,serie-a,25(9),2223.0,4,0.9,22.3,79.1,0.6,0.7,-,6.69
111455,11,Granit,Xhaka,Granit Xhaka,Midfield,Central Midfield,30,28000000,Arsenal FC,premier-league,36(1),3004.0,7,1.3,42.5,86.5,0.1,1.9,0.1,6.98
257455,931,João,Palhinha,João Palhinha,Midfield,Defensive Midfield,27,28000000,Fulham FC,premier-league,35,3113.0,-,0.2,36.2,83.0,-,2.5,-,6.93
503749,405,Jacob,Ramsey,Jacob Ramsey,Midfield,Central Midfield,21,28000000,Aston Villa,premier-league,31(4),2647.0,7,1.2,24.7,83.7,0.1,0.5,-,6.86
187492,16,Julian,Brandt,Julian Brandt,Midfield,Attacking Midfield,26,28000000,Borussia Dortmund,bundesliga,29(3),2412.0,8,2.3,37.0,83.8,1.5,1.8,0.1,7.28
450936,6195,Tanguy,Ndombélé,Tanguy Ndombélé,Midfield,Central Midfield,26,28000000,SSC Napoli,serie-a,8(22),793.0,-,0.3,19.0,87.9,-,0.2,-,6.24
342385,150,Guido,Rodríguez,Guido Rodríguez,Midfield,Defensive Midfield,28,28000000,Real Betis Balompié,laliga,33(1),2878.0,-,0.3,49.1,87.4,-,2.6,0.1,6.98
202886,631,Ruben,Loftus-Cheek,Ruben Loftus-Cheek,Midfield,Central Midfield,26,25000000,Chelsea FC,premier-league,19(6),1543.0,1,0.6,34.0,88.6,0.1,0.6,-,6.56
543382,162,Mohamed,Camara,Mohamed Camara,Midfield,Defensive Midfield,22,25000000,AS Monaco,ligue-1,25(4),2200.0,3,0.6,43.8,87.6,0.1,3.4,0.1,6.78
182913,506,Adrien,Rabiot,Adrien Rabiot,Midfield,Central Midfield,27,25000000,Juventus FC,serie-a,31(1),2751.0,4,1.0,35.5,83.6,0.2,1.5,0.1,7.11
53622,281,Ilkay,Gündogan,Ilkay Gündogan,Midfield,Central Midfield,32,25000000,Manchester City,premier-league,27(4),2359.0,4,1.2,49.7,88.2,0.3,1.9,0.3,7.11
429014,703,Morgan,Gibbs-White,Morgan Gibbs-White,Midfield,Attacking Midfield,22,25000000,Nottingham Forest,premier-league,2,180.0,-,0.5,43.0,83.7,1,1,-,6.5
495629,1049,Hugo,Guillamón,Hugo Guillamón,Midfield,Defensive Midfield,22,25000000,Valencia CF,laliga,19(6),1634.0,4,1,39.5,84.4,0.7,3.1,-,6.46
357885,379,Pablo,Fornals,Pablo Fornals,Midfield,Attacking Midfield,26,25000000,West Ham United,premier-league,17(15),1506.0,1,0.6,21.9,77.7,0.2,1.3,0.1,6.41
205938,800,Mario,Pasalic,Mario Pasalic,Midfield,Attacking Midfield,27,25000000,Atalanta BC,serie-a,24(8),1789.0,2,0.5,21.6,80.9,0.1,0.7,-,6.52
69633,985,Christian,Eriksen,Christian Eriksen,Midfield,Central Midfield,30,25000000,Manchester United,premier-league,25(3),2062.0,8,1.3,49.7,84.6,0.7,2.3,0.1,6.7
463618,417,Khéphren,Thuram,Khéphren Thuram,Midfield,Defensive Midfield,21,25000000,OGC Nice,ligue-1,30(5),2560.0,4,1,37.7,86.9,0.1,1.2,0.1,6.91
503991,1049,Yunus,Musah,Yunus Musah,Midfield,Central Midfield,20,25000000,Valencia CF,laliga,26(7),2121.0,2,0.5,21.8,81.8,0.2,0.9,0.1,6.42
569598,162,Youssouf,Fofana,Youssouf Fofana,Midfield,Central Midfield,23,25000000,AS Monaco,ligue-1,35(1),3089.0,2,0.9,47.7,82.5,-,2.6,0.2,6.89
465830,244,Mattéo,Guendouzi,Mattéo Guendouzi,Midfield,Central Midfield,23,25000000,Olympique Marseille,ligue-1,25(8),2113.0,4,0.6,37.3,87.9,0.1,2.2,0.1,6.63
344605,1003,Boubakary,Soumaré,Boubakary Soumaré,Midfield,Defensive Midfield,23,25000000,Leicester City,premier-league,20(6),1635.0,-,0.4,34.6,86.1,-,1.2,0.1,6.49
242631,29,Alex,Iwobi,Alex Iwobi,Midfield,Attacking Midfield,26,25000000,Everton FC,premier-league,38,3382.0,7,1.7,36.6,78.8,0.8,1.9,0.2,6.82
624690,18,Manu,Koné,Manu Koné,Midfield,Central Midfield,21,25000000,Borussia Mönchengladbach,bundesliga,30,2620.0,1,0.7,45.3,87.3,-,0.9,-,6.81
258027,583,Renato,Sanches,Renato Sanches,Midfield,Central Midfield,25,25000000,Paris Saint-Germain,ligue-1,6(17),705.0,-,0.4,28.6,91.6,-,1.4,-,6.43
394327,405,Boubacar,Kamara,Boubacar Kamara,Midfield,Defensive Midfield,23,25000000,Aston Villa,premier-league,21(3),1779.0,1,0.3,39.2,84.9,-,2.0,0.1,6.56
395237,1041,Maxence,Caqueret,Maxence Caqueret,Midfield,Central Midfield,22,25000000,Olympique Lyon,ligue-1,32(4),2778.0,7,1.7,46.5,86.3,0.8,1.4,0.1,7.04
287579,430,Sofyan,Amrabat,Sofyan Amrabat,Midfield,Defensive Midfield,26,25000000,ACF Fiorentina,serie-a,24(5),2007.0,1,0.4,50.1,89.8,0.3,4.6,-,6.46
628451,180,Roméo,Lavia,Roméo Lavia,Midfield,Defensive Midfield,18,25000000,Southampton FC,premier-league,26(3),2230.0,-,0.6,34.2,86.4,0.1,1.6,0.1,6.56
161011,506,Filip,Kostic,Filip Kostic,Midfield,Left Midfield,30,24000000,Juventus FC,serie-a,33(4),2582.0,8,1.8,23.6,78.1,1.5,0.9,-,6.78
400489,6195,Eljif,Elmas,Eljif Elmas,Midfield,Central Midfield,23,23000000,SSC Napoli,serie-a,14(22),1618.0,3,0.8,26.9,88.1,0.5,0.6,0.1,6.64
212723,24,Djibril,Sow,Djibril Sow,Midfield,Central Midfield,25,22000000,Eintracht Frankfurt,bundesliga,30(2),2648.0,-,0.5,48.1,85.7,-,1.7,-,6.61
392775,148,Ryan,Sessegnon,Ryan Sessegnon,Midfield,Left Midfield,22,22000000,Tottenham Hotspur,premier-league,9(8),811.0,-,0.4,17.1,73.4,0.2,0.3,0.1,6.4
387106,273,Lovro,Majer,Lovro Majer,Midfield,Central Midfield,24,22000000,Stade Rennais FC,ligue-1,18(14),1670.0,5,1.1,28.0,82.1,0.5,1.1,0.1,6.72
394300,6574,Davide,Frattesi,Davide Frattesi,Midfield,Central Midfield,23,22000000,US Sassuolo,serie-a,35(1),2891.0,-,0.8,27.7,80.5,0.1,1.7,0.1,6.8
263918,162,Aleksandr,Golovin,Aleksandr Golovin,Midfield,Attacking Midfield,26,22000000,AS Monaco,ligue-1,29(5),2484.0,7,1.7,28.4,74.8,1,1.3,0.1,7.11
223979,23826,Xaver,Schlager,Xaver Schlager,Midfield,Central Midfield,25,22000000,RB Leipzig,bundesliga,16(6),1505.0,1,0.4,41.7,83.8,-,2.6,0.1,6.69
346707,762,Sean,Longstaff,Sean Longstaff,Midfield,Central Midfield,25,22000000,Newcastle United,premier-league,28(5),2517.0,4,0.7,34.1,82.8,0.2,1.4,0.1,6.64
433188,31,Curtis,Jones,Curtis Jones,Midfield,Central Midfield,21,22000000,Liverpool FC,premier-league,12(6),1040.0,1,0.8,36.6,91.2,0.1,0.8,0.2,6.67
168157,405,Leander,Dendoncker,Leander Dendoncker,Midfield,Defensive Midfield,27,22000000,Aston Villa,premier-league,7(13),690.0,-,0.3,14.0,88.2,-,0.4,-,6.31
332697,399,Weston,McKennie,Weston McKennie,Midfield,Central Midfield,24,21000000,Leeds United,premier-league,13(2),1060.0,1,0.5,25.1,81.7,0.3,1.1,0.1,6.59
475188,1003,Kiernan,Dewsbury-Hall,Kiernan Dewsbury-Hall,Midfield,Central Midfield,24,20000000,Leicester City,premier-league,28(3),2316.0,2,1.3,35.3,78.5,0.3,1.8,0.1,6.71
66106,150,Sergio,Canales,Sergio Canales,Midfield,Attacking Midfield,31,20000000,Real Betis Balompié,laliga,28(3),2417.0,3,1.8,42.5,81.8,1,2.1,0.3,6.72
395693,1041,Houssem,Aouar,Houssem Aouar,Midfield,Central Midfield,24,20000000,Olympique Lyon,ligue-1,6(10),522.0,1,0.4,22.7,82.4,-,1.0,-,6.42
127189,13,Geoffrey,Kondogbia,Geoffrey Kondogbia,Midfield,Defensive Midfield,29,20000000,Atlético de Madrid,laliga,11(10),1001.0,2,0.2,30.1,89.4,-,1.0,-,6.55
31909,418,Toni,Kroos,Toni Kroos,Midfield,Central Midfield,32,20000000,Real Madrid,laliga,25(5),2164.0,4,1.8,77.7,94.6,1.1,6.8,0.1,7.04
324278,533,Christoph,Baumgartner,Christoph Baumgartner,Midfield,Attacking Midfield,23,20000000,TSG 1899 Hoffenheim,bundesliga,33,2582.0,3,0.7,25.6,68.3,0.2,1.0,0.1,6.91
106987,985,Marcel,Sabitzer,Marcel Sabitzer,Midfield,Central Midfield,28,20000000,Manchester United,premier-league,7(8),627.0,1,0.4,30.3,87.7,-,0.8,-,6.65
293200,416,Nikola,Vlasic,Nikola Vlasic,Midfield,Attacking Midfield,25,20000000,Torino FC,serie-a,29(5),2732.0,6,1.9,27.2,81.7,0.4,0.5,-,6.74
571020,621,Oihan,Sancet,Oihan Sancet,Midfield,Attacking Midfield,22,20000000,Athletic Bilbao,laliga,32(4),2555.0,2,1.2,26.3,83.0,0.1,0.6,0.1,6.72
199248,12,Bryan,Cristante,Bryan Cristante,Midfield,Defensive Midfield,27,20000000,AS Roma,serie-a,34(2),2945.0,1,0.4,46.1,82.8,0.1,3.6,0.1,6.81
559263,31,Fábio,Carvalho,Fábio Carvalho,Midfield,Attacking Midfield,20,20000000,Liverpool FC,premier-league,4(9),343.0,-,0.1,10.7,82.7,0.1,0.2,-,6.37
278332,18,Florian,Neuhaus,Florian Neuhaus,Midfield,Central Midfield,25,20000000,Borussia Mönchengladbach,bundesliga,16(7),1409.0,-,0.7,27.4,80.3,0.1,1,0.1,6.44
314678,5,Brahim,Díaz,Brahim Díaz,Midfield,Attacking Midfield,23,20000000,AC Milan,serie-a,27(6),1947.0,7,1.2,20.8,82.2,0.1,0.5,0.2,6.79
302215,31,Naby,Keïta,Naby Keïta,Midfield,Central Midfield,27,20000000,Liverpool FC,premier-league,3(5),294.0,-,1,20.5,78.0,-,0.4,-,6.14
334526,631,Denis,Zakaria,Denis Zakaria,Midfield,Defensive Midfield,26,20000000,Chelsea FC,premier-league,1(1),122.0,-,-,17.0,94.1,-,0.5,-,6.65
470607,703,Brennan,Johnson,Brennan Johnson,Midfield,Attacking Midfield,21,20000000,Nottingham Forest,premier-league,33(5),2941.0,3,0.7,11.6,62.8,0.3,0.1,-,6.49
273132,46,Robin,Gosens,Robin Gosens,Midfield,Left Midfield,28,18000000,Inter Milan,serie-a,11(21),1168.0,-,0.5,16.5,80.7,0.3,0.5,-,6.44
191422,16,Mahmoud,Dahoud,Mahmoud Dahoud,Midfield,Central Midfield,26,18000000,Borussia Dortmund,bundesliga,4(5),337.0,-,0.4,28.2,83.9,-,1.8,-,6.54
266359,273,Benjamin,Bourigeaud,Benjamin Bourigeaud,Midfield,Right Midfield,28,18000000,Stade Rennais FC,ligue-1,37,3084.0,10,2.6,46.6,80.8,2,3.1,0.2,7.15
392538,5,Tommaso,Pobega,Tommaso Pobega,Midfield,Central Midfield,23,18000000,AC Milan,serie-a,9(10),877.0,-,0.3,20.7,77.2,0.1,1.3,-,6.42
607223,1041,Rayan,Cherki,Rayan Cherki,Midfield,Attacking Midfield,19,18000000,Olympique Lyon,ligue-1,21(13),1874.0,6,2.0,28.8,81.0,0.9,1.5,0.2,6.99
207877,244,Ruslan,Malinovskyi,Ruslan Malinovskyi,Midfield,Attacking Midfield,29,18000000,Olympique Marseille,ligue-1,5(10),548.0,2,0.9,20.1,79.5,0.5,1.7,0.1,6.57
320411,989,Philip,Billing,Philip Billing,Midfield,Central Midfield,26,18000000,AFC Bournemouth,premier-league,34(2),2787.0,1,0.7,28.0,79.4,0.2,0.7,0.1,6.82
332705,399,Tyler,Adams,Tyler Adams,Midfield,Defensive Midfield,23,17000000,Leeds United,premier-league,24,2157.0,-,1,55.3,82.4,-,1.7,-,6.73
244940,16,Salih,Özcan,Salih Özcan,Midfield,Defensive Midfield,24,17000000,Borussia Dortmund,bundesliga,17(9),1574.0,1,0.3,38.0,88.5,-,1.7,-,6.49
117674,82,Maximilian,Arnold,Maximilian Arnold,Midfield,Central Midfield,28,17000000,VfL Wolfsburg,bundesliga,32,2775.0,3,1.3,45.9,83.2,1.2,5.2,0.2,7.02
402008,23826,Amadou,Haidara,Amadou Haidara,Midfield,Central Midfield,24,17000000,RB Leipzig,bundesliga,15(16),1430.0,1,0.4,26.2,83.6,-,1.1,0.1,6.47
270171,1148,Vitaly,Janelt,Vitaly Janelt,Midfield,Defensive Midfield,24,16000000,Brentford FC,premier-league,24(11),2212.0,1,0.5,27.9,80.9,0.2,1.9,-,6.63
100131,150,William,Carvalho,William Carvalho,Midfield,Defensive Midfield,30,16000000,Real Betis Balompié,laliga,31(2),2454.0,-,0.7,52.5,86.9,0.1,2.7,0.1,6.72
401578,15,Exequiel,Palacios,Exequiel Palacios,Midfield,Central Midfield,24,15000000,Bayer 04 Leverkusen,bundesliga,19(6),1656.0,2,0.6,47.4,85.4,0.1,1.3,-,6.82
571607,506,Fabio,Miretti,Fabio Miretti,Midfield,Central Midfield,19,15000000,Juventus FC,serie-a,14(13),1233.0,2,0.6,17.6,73.5,0.3,0.5,-,6.39
568177,281,Cole,Palmer,Cole Palmer,Midfield,Attacking Midfield,20,15000000,Manchester City,premier-league,2(12),359.0,1,0.4,13.2,88.6,0.1,0.3,-,6.34
342405,82,Mattias,Svanberg,Mattias Svanberg,Midfield,Central Midfield,23,15000000,VfL Wolfsburg,bundesliga,21(11),1836.0,6,0.8,16.4,71.8,0.4,0.6,0.1,6.63
914562,273,Désiré,Doué,Désiré Doué,Midfield,Attacking Midfield,17,15000000,Stade Rennais FC,ligue-1,11(15),1116.0,1,0.6,16.2,81.2,0.3,0.9,-,6.71
166237,506,Leandro,Paredes,Leandro Paredes,Midfield,Defensive Midfield,28,15000000,Juventus FC,serie-a,8(17),969.0,-,0.8,28.9,91.4,0.7,2.0,0.1,6.41
659459,631,Carney,Chukwuemeka,Carney Chukwuemeka,Midfield,Central Midfield,19,15000000,Chelsea FC,premier-league,2(12),346.0,-,0.6,14.3,88.5,0.1,0.3,-,6.26
399434,989,Marcus,Tavernier,Marcus Tavernier,Midfield,Left Midfield,23,15000000,AFC Bournemouth,premier-league,19(4),1749.0,4,0.8,25.9,77.3,0.9,0.8,-,6.95
196792,18,Julian,Weigl,Julian Weigl,Midfield,Defensive Midfield,27,15000000,Borussia Mönchengladbach,bundesliga,21(2),1897.0,-,0.3,52.0,89.3,-,2.0,0.1,6.57
406638,148,Oliver,Skipp,Oliver Skipp,Midfield,Defensive Midfield,22,15000000,Tottenham Hotspur,premier-league,18(5),1499.0,-,0.4,32.9,87.1,-,1.2,-,6.42
423444,940,Fran,Beltrán,Fran Beltrán,Midfield,Central Midfield,23,15000000,Celta de Vigo,laliga,33(3),2864.0,2,0.7,48.8,90.1,0.4,2.7,-,6.49
468198,180,Joe,Aribo,Joe Aribo,Midfield,Attacking Midfield,26,15000000,Southampton FC,premier-league,13(8),1229.0,-,0.4,17.9,74.1,-,0.2,-,6.55
226973,931,Harrison,Reed,Harrison Reed,Midfield,Central Midfield,27,15000000,Fulham FC,premier-league,35(2),2882.0,4,0.9,32.9,79.8,0.4,1.2,-,6.5
61651,31,Jordan,Henderson,Jordan Henderson,Midfield,Central Midfield,32,15000000,Liverpool FC,premier-league,23(12),2075.0,2,0.9,44.1,84.9,0.4,2.3,0.1,6.57
593482,244,Azzedine,Ounahi,Azzedine Ounahi,Midfield,Central Midfield,22,15000000,Olympique Marseille,ligue-1,1(6),117.0,-,0.1,13.4,92.6,-,0.4,-,6.32
262980,989,Jefferson,Lerma,Jefferson Lerma,Midfield,Defensive Midfield,28,15000000,AFC Bournemouth,premier-league,37,3256.0,-,0.5,42.9,82.2,0.1,1.2,0.1,6.65
548111,1050,Álex,Baena,Álex Baena,Midfield,Attacking Midfield,21,15000000,Villarreal CF,laliga,19(16),1947.0,2,0.9,23.6,81.6,0.2,1.1,0.3,6.59
148928,13,Saúl,Ñíguez,Saúl Ñíguez,Midfield,Central Midfield,28,15000000,Atlético de Madrid,laliga,11(20),1091.0,1,0.2,15.5,80.7,-,0.5,-,6.56
550108,12,Nicola,Zalewski,Nicola Zalewski,Midfield,Left Midfield,20,15000000,AS Roma,serie-a,26(7),2210.0,1,0.4,28.7,79.1,0.4,2.0,-,6.59
735570,543,João,Gomes,João Gomes,Midfield,Central Midfield,21,15000000,Wolverhampton Wanderers,premier-league,7(4),651.0,-,0.5,28.4,79.5,0.1,0.9,-,6.56
344069,39,Anton,Stach,Anton Stach,Midfield,Defensive Midfield,24,15000000,1.FSV Mainz 05,bundesliga,22(8),2078.0,4,1.0,27.5,72.2,0.6,1.0,0.2,6.85
288225,995,Ludovic,Blas,Ludovic Blas,Midfield,Attacking Midfield,25,15000000,FC Nantes,ligue-1,30(7),2821.0,5,1.3,28.0,85.5,0.9,1.6,-,7.01
290249,3709,Mauro,Arambarri,Mauro Arambarri,Midfield,Central Midfield,27,15000000,Getafe CF,laliga,13,1000.0,1,1.2,29.2,82.3,1.1,3.3,-,6.48
332179,2919,Matteo,Pessina,Matteo Pessina,Midfield,Central Midfield,25,14000000,AC Monza,serie-a,34(1),2938.0,3,0.6,56.2,86.5,0.2,2.3,-,6.86
54235,621,Iker,Muniain,Iker Muniain,Midfield,Attacking Midfield,30,14000000,Athletic Bilbao,laliga,19(11),1692.0,3,1.6,32.7,86.2,1.2,0.9,0.1,6.72
141660,703,Jesse,Lingard,Jesse Lingard,Midfield,Attacking Midfield,30,14000000,Nottingham Forest,premier-league,12(5),928.0,-,0.6,16.6,81.2,0.1,0.5,-,6.16
319859,1148,Mathias,Jensen,Mathias Jensen,Midfield,Central Midfield,26,14000000,Brentford FC,premier-league,37,2830.0,6,1.3,32.9,75.7,1.4,3.0,-,6.82
119296,16,Emre,Can,Emre Can,Midfield,Defensive Midfield,28,14000000,Borussia Dortmund,bundesliga,20(7),1896.0,1,0.7,47.3,89.7,-,2.6,0.1,6.88
466805,1049,Nico,González,Nico González,Midfield,Central Midfield,20,14000000,Valencia CF,laliga,18(8),1410.0,1,0.5,29.7,87.4,-,0.8,0.1,6.59
263727,368,Joan,Jordán,Joan Jordán,Midfield,Central Midfield,28,14000000,Sevilla FC,laliga,19(4),1595.0,1,0.3,47.1,88.5,-,3.7,-,6.35
221025,1082,André,Gomes,André Gomes,Midfield,Central Midfield,29,14000000,LOSC Lille,ligue-1,18(8),1628.0,2,0.5,50.5,89.2,0.1,2.5,-,6.71
190393,1041,Corentin,Tolisso,Corentin Tolisso,Midfield,Central Midfield,28,14000000,Olympique Lyon,ligue-1,25(5),2050.0,2,1.1,63.6,88.8,0.4,4.6,0.3,6.82
164771,244,Jordan,Veretout,Jordan Veretout,Midfield,Defensive Midfield,29,14000000,Olympique Marseille,ligue-1,31(7),2864.0,3,0.9,54.0,87.9,0.6,3.8,0.1,6.85
610083,621,Unai,Vencedor,Unai Vencedor,Midfield,Central Midfield,22,14000000,Athletic Bilbao,laliga,0(10),183.0,-,0.2,12.1,88.4,-,1.4,-,6.01
332889,244,Valentin,Rongier,Valentin Rongier,Midfield,Central Midfield,28,14000000,Olympique Marseille,ligue-1,34(2),3034.0,2,0.9,58.0,88.5,0.1,2.6,0.1,7.0
372711,244,Amine,Harit,Amine Harit,Midfield,Attacking Midfield,25,14000000,Olympique Marseille,ligue-1,6(4),515.0,-,1.5,25.0,84.4,0.5,0.6,0.2,6.54
505219,29,James,Garner,James Garner,Midfield,Defensive Midfield,21,14000000,Everton FC,premier-league,7(9),798.0,1,0.4,18.6,80.9,0.3,0.6,-,6.43
375382,1049,André,Almeida,André Almeida,Midfield,Central Midfield,22,14000000,Valencia CF,laliga,29(5),2552.0,4,1.3,36.8,84.9,1.1,1.6,0.1,6.84
142021,714,Sergi,Darder,Sergi Darder,Midfield,Central Midfield,29,14000000,RCD Espanyol Barcelona,laliga,38,3325.0,3,1.9,37.5,78.5,1.3,2.5,0.1,7.08
392770,1082,Angel,Gomes,Angel Gomes,Midfield,Attacking Midfield,22,13000000,LOSC Lille,ligue-1,34(2),2836.0,6,0.9,47.6,87.9,0.3,3.0,0.1,6.71
470794,416,Ivan,Ilic,Ivan Ilic,Midfield,Central Midfield,21,13000000,Torino FC,serie-a,10(1),852.0,1,1.5,31.9,74.4,1.5,1.0,0.1,6.75
290587,3,Ellyes,Skhiri,Ellyes Skhiri,Midfield,Defensive Midfield,27,13000000,1.FC Köln,bundesliga,32,2857.0,1,0.8,52.7,88.4,0.1,2.1,-,7.04
74842,24,Mario,Götze,Mario Götze,Midfield,Attacking Midfield,30,13000000,Eintracht Frankfurt,bundesliga,32,2749.0,1,1.3,43.8,78.2,0.7,1.3,0.2,6.65
148252,703,Remo,Freuler,Remo Freuler,Midfield,Central Midfield,30,13000000,Nottingham Forest,premier-league,24(4),2167.0,-,0.4,29.6,79.6,0.1,0.8,-,6.38
203394,931,Andreas,Pereira,Andreas Pereira,Midfield,Attacking Midfield,26,13000000,Fulham FC,premier-league,33,2718.0,6,1.8,25.9,73.7,2,1.6,-,6.73
245056,931,Sasa,Lukic,Sasa Lukic,Midfield,Central Midfield,26,13000000,Fulham FC,premier-league,13(3),1195.0,-,1,43.8,88.1,0.4,2.5,-,6.58
127187,29,Abdoulaye,Doucouré,Abdoulaye Doucouré,Midfield,Central Midfield,29,12000000,Everton FC,premier-league,17(8),1529.0,2,0.9,21.5,79.6,0.1,0.1,-,6.48
467992,416,Samuele,Ricci,Samuele Ricci,Midfield,Defensive Midfield,21,12000000,Torino FC,serie-a,23(5),2073.0,1,0.6,40.9,89.5,0.3,1.6,-,6.62
125858,15,Kerem,Demirbay,Kerem Demirbay,Midfield,Central Midfield,29,12000000,Bayer 04 Leverkusen,bundesliga,17(8),1548.0,3,1.2,38.7,82.5,0.9,1.7,0.1,6.69
552425,331,Jon,Moncayola,Jon Moncayola,Midfield,Central Midfield,24,12000000,CA Osasuna,laliga,25(12),2445.0,3,0.7,35.5,81.6,0.4,3.3,0.1,6.44
249126,1038,Harry,Winks,Harry Winks,Midfield,Defensive Midfield,26,12000000,UC Sampdoria,serie-a,19(1),1719.0,-,0.8,45.7,85.4,0.6,2.8,0.1,6.46
141050,583,Danilo,Pereira,Danilo Pereira,Midfield,Defensive Midfield,31,12000000,Paris Saint-Germain,ligue-1,27(6),2411.0,-,0.1,61.8,94.6,-,2.5,-,6.76
497291,1025,Nicolás,Domínguez,Nicolás Domínguez,Midfield,Central Midfield,24,12000000,Bologna FC 1909,serie-a,26(5),2309.0,2,1.2,44.0,83.7,0.1,1.9,0.2,6.91
314210,29,Tom,Davies,Tom Davies,Midfield,Central Midfield,24,12000000,Everton FC,premier-league,4(15),530.0,-,0.1,12.1,74.8,-,0.6,-,6.12
543771,46,Kristjan,Asllani,Kristjan Asllani,Midfield,Defensive Midfield,20,12000000,Inter Milan,serie-a,5(15),580.0,-,0.6,21.7,90.1,0.5,1.6,-,6.25
336869,399,Marc,Roca,Marc Roca,Midfield,Defensive Midfield,26,12000000,Leeds United,premier-league,29(3),2330.0,2,1.0,37.8,79.4,0.4,2.1,0.1,6.5
423744,1237,Billy,Gilmour,Billy Gilmour,Midfield,Central Midfield,21,12000000,Brighton & Hove Albion,premier-league,7(7),508.0,1,0.1,28.8,90.3,-,1.2,0.1,6.33
330085,703,Gustavo,Scarpa,Gustavo Scarpa,Midfield,Attacking Midfield,28,12000000,Nottingham Forest,premier-league,2(4),181.0,-,0.2,11.8,67.6,-,1.3,-,6.2
525704,2919,Nicolò,Rovella,Nicolò Rovella,Midfield,Defensive Midfield,21,12000000,AC Monza,serie-a,0(3),23.0,-,-,7.0,100.0,-,1.0,-,6.15
127156,969,Téji,Savanier,Téji Savanier,Midfield,Attacking Midfield,31,12000000,Montpellier HSC,ligue-1,30,2557.0,4,1.9,47.3,77.9,1.7,4.9,0.1,7.28
49499,12,Georginio,Wijnaldum,Georginio Wijnaldum,Midfield,Central Midfield,32,12000000,AS Roma,serie-a,10(4),768.0,-,0.6,14.2,83.9,0.1,0.1,-,6.6
289592,703,Orel,Mangala,Orel Mangala,Midfield,Central Midfield,24,12000000,Nottingham Forest,premier-league,20(7),1558.0,1,0.1,18.7,81.0,-,0.5,-,6.48
159088,15,Robert,Andrich,Robert Andrich,Midfield,Defensive Midfield,28,11000000,Bayer 04 Leverkusen,bundesliga,28(1),2409.0,2,0.6,49.8,83.9,0.1,1.8,-,6.85
481173,12,Mady,Camara,Mady Camara,Midfield,Central Midfield,25,11000000,AS Roma,serie-a,8(7),699.0,-,0.2,21.0,79.4,0.1,0.8,0.1,6.34
353948,44,Lucas,Tousart,Lucas Tousart,Midfield,Defensive Midfield,25,11000000,Hertha BSC,bundesliga,33,2948.0,2,0.5,25.8,61.7,0.1,0.8,-,6.87
287188,3,Dejan,Ljubicic,Dejan Ljubicic,Midfield,Defensive Midfield,25,10000000,1.FC Köln,bundesliga,20(7),1724.0,1,1.0,20.9,77.1,0.3,1.0,0.1,6.55
284884,940,Óscar,Rodríguez,Óscar Rodríguez,Midfield,Attacking Midfield,24,10000000,Celta de Vigo,laliga,19(14),1772.0,-,0.7,29.4,84.3,0.5,1.4,0.1,6.48
129588,1003,Dennis,Praet,Dennis Praet,Midfield,Central Midfield,28,10000000,Leicester City,premier-league,6(16),641.0,-,0.1,11.3,77.8,0.1,0.4,-,6.19
42460,148,Ivan,Perisic,Ivan Perisic,Midfield,Left Midfield,33,10000000,Tottenham Hotspur,premier-league,23(11),2112.0,8,1.4,23.0,72.3,1.4,1.1,-,6.74
84301,1082,Benjamin,André,Benjamin André,Midfield,Defensive Midfield,32,10000000,LOSC Lille,ligue-1,33(1),2919.0,1,0.6,67.6,84.3,-,5.2,0.1,7.16
135853,379,Manuel,Lanzini,Manuel Lanzini,Midfield,Attacking Midfield,29,10000000,West Ham United,premier-league,2(8),246.0,-,0.1,17.3,84.4,-,0.4,-,6.13
27992,418,Luka,Modric,Luka Modric,Midfield,Central Midfield,37,10000000,Real Madrid,laliga,19(14),1746.0,3,1.3,43.8,90.7,0.4,2.2,0.2,6.65
326300,1095,Jeff,Reine-Adélaïde,Jeff Reine-Adélaïde,Midfield,Attacking Midfield,24,10000000,ESTAC Troyes,ligue-1,3(3),233.0,1,0.3,21.3,82.8,-,0.7,-,6.34
699704,940,Gabri,Veiga,Gabri Veiga,Midfield,Central Midfield,20,10000000,Celta de Vigo,laliga,28(8),2308.0,4,0.8,19.5,76.9,0.1,0.9,0.1,6.82
555076,1158,Romain,Faivre,Romain Faivre,Midfield,Right Midfield,24,10000000,FC Lorient,ligue-1,3(7),297.0,1,0.6,15.1,92.1,0.6,0.2,-,6.36
249089,989,Lewis,Cook,Lewis Cook,Midfield,Central Midfield,25,10000000,AFC Bournemouth,premier-league,18(10),1715.0,2,0.9,25.1,81.8,0.6,0.8,-,6.41
284854,3709,Carles,Aleñá,Carles Aleñá,Midfield,Central Midfield,24,10000000,Getafe CF,laliga,26(9),2127.0,2,0.4,21.7,78.6,0.3,1.4,-,6.25
273152,3709,Nemanja,Maksimovic,Nemanja Maksimovic,Midfield,Central Midfield,27,10000000,Getafe CF,laliga,26(3),2069.0,-,0.3,19.1,78.7,0.1,0.6,-,6.55
131978,417,Ross,Barkley,Ross Barkley,Midfield,Central Midfield,29,10000000,OGC Nice,ligue-1,9(18),923.0,2,1.1,16.5,83.6,0.5,0.8,-,6.54
251302,167,Niklas,Dorsch,Niklas Dorsch,Midfield,Defensive Midfield,24,10000000,FC Augsburg,bundesliga,5(6),478.0,-,0.1,16.5,76.4,0.1,0.6,0.1,6.36
255450,416,Aleksey,Miranchuk,Aleksey Miranchuk,Midfield,Attacking Midfield,27,10000000,Torino FC,serie-a,24(5),2099.0,5,1.5,26.9,81.4,0.3,1.2,0.1,6.64
585973,1041,Johann,Lepenant,Johann Lepenant,Midfield,Defensive Midfield,20,10000000,Olympique Lyon,ligue-1,21(10),1935.0,2,0.3,41.5,89.9,-,1.8,-,6.49
485963,368,Pape,Gueye,Pape Gueye,Midfield,Defensive Midfield,23,10000000,Sevilla FC,laliga,15(1),1177.0,3,0.6,33.3,83.7,0.1,2.8,0.1,6.77
303116,430,Gaetano,Castrovilli,Gaetano Castrovilli,Midfield,Central Midfield,25,10000000,ACF Fiorentina,serie-a,7(8),717.0,1,0.5,15.1,81.1,0.2,0.8,-,6.54
503881,5,Aster,Vranckx,Aster Vranckx,Midfield,Central Midfield,20,10000000,AC Milan,serie-a,2(7),237.0,-,0.1,13.8,76.6,0.1,0.6,-,6.15
378293,12321,Yangel,Herrera,Yangel Herrera,Midfield,Central Midfield,24,9000000,Girona FC,laliga,12(8),966.0,2,0.6,19.8,82.8,0.2,0.7,0.1,6.45
277137,940,Renato,Tapia,Renato Tapia,Midfield,Defensive Midfield,27,9000000,Celta de Vigo,laliga,16(12),1450.0,-,0.3,28.3,86.0,0.1,2.8,-,6.38
251309,533,Dennis,Geiger,Dennis Geiger,Midfield,Central Midfield,24,9000000,TSG 1899 Hoffenheim,bundesliga,27,1973.0,3,1.3,29.5,84.8,0.7,1.9,-,6.61
421637,1148,Frank,Onyeka,Frank Onyeka,Midfield,Central Midfield,24,9000000,Brentford FC,premier-league,8(13),845.0,2,0.3,12.0,75.9,-,0.3,-,6.39
624037,969,Joris,Chotard,Joris Chotard,Midfield,Defensive Midfield,21,9000000,Montpellier HSC,ligue-1,26(9),2461.0,6,0.8,30.1,81.3,0.3,2.1,0.1,6.67
319745,418,Dani,Ceballos,Dani Ceballos,Midfield,Central Midfield,26,9000000,Real Madrid,laliga,19(11),1568.0,4,1.0,48.6,91.7,0.2,2.5,0.1,6.74
259953,5,Rade,Krunic,Rade Krunic,Midfield,Central Midfield,29,9000000,AC Milan,serie-a,18(5),1659.0,1,0.7,41.2,85.9,-,1.1,-,6.81
202278,273,Flavien,Tait,Flavien Tait,Midfield,Central Midfield,29,9000000,Stade Rennais FC,ligue-1,19(11),1685.0,2,0.8,35.8,86.5,-,2.4,0.1,6.62
270393,533,Robert,Skov,Robert Skov,Midfield,Right Midfield,26,9000000,TSG 1899 Hoffenheim,bundesliga,16(7),1356.0,2,0.9,22.0,71.6,0.8,1.3,-,6.57
308279,430,Rolando,Mandragora,Rolando Mandragora,Midfield,Defensive Midfield,25,9000000,ACF Fiorentina,serie-a,22(7),1955.0,4,1.2,31.1,84.4,0.8,2.3,-,6.71
374954,24,Kristijan,Jakic,Kristijan Jakic,Midfield,Defensive Midfield,25,9000000,Eintracht Frankfurt,bundesliga,17(7),1460.0,-,0.3,37.0,79.3,0.1,1.5,-,6.51
340321,1148,Josh,Dasilva,Josh Dasilva,Midfield,Central Midfield,24,9000000,Brentford FC,premier-league,14(22),1384.0,2,0.3,15.9,82.7,0.2,0.6,-,6.44
188077,989,Ryan,Christie,Ryan Christie,Midfield,Attacking Midfield,27,9000000,AFC Bournemouth,premier-league,22(10),1842.0,1,0.9,19.2,82.7,0.3,0.7,-,6.56
214775,368,Óliver,Torres,Óliver Torres,Midfield,Central Midfield,28,9000000,Sevilla FC,laliga,27(5),2149.0,1,1.2,31.9,81.6,0.5,2.3,-,6.55
395236,5,Yacine,Adli,Yacine Adli,Midfield,Attacking Midfield,22,9000000,AC Milan,serie-a,1(5),141.0,-,0.3,11.5,68.1,0.2,1.2,-,6.25
983989,1237,Facundo,Buonanotte,Facundo Buonanotte,Midfield,Attacking Midfield,18,9000000,Brighton & Hove Albion,premier-league,6(7),565.0,1,0.5,14.3,81.7,0.3,0.8,-,6.28
160438,11,Mohamed,Elneny,Mohamed Elneny,Midfield,Defensive Midfield,30,9000000,Arsenal FC,premier-league,1(4),111.0,-,-,12.0,95.0,-,0.8,-,6.07
250013,826,Angelo,Fulgini,Angelo Fulgini,Midfield,Attacking Midfield,26,9000000,RC Lens,ligue-1,5(11),520.0,1,0.5,14.1,81.3,0.1,0.2,-,6.24
35207,16,Marco,Reus,Marco Reus,Midfield,Attacking Midfield,33,9000000,Borussia Dortmund,bundesliga,14(11),1352.0,4,0.8,21.8,81.1,0.2,0.1,-,6.69
111078,23826,Emil,Forsberg,Emil Forsberg,Midfield,Attacking Midfield,31,9000000,RB Leipzig,bundesliga,16(14),1487.0,4,0.6,16.5,83.7,0.2,0.4,0.1,6.53
668547,281,Máximo,Perrone,Máximo Perrone,Midfield,Defensive Midfield,19,8500000,Manchester City,premier-league,0(1),18.0,-,-,20.0,90.0,-,-,-,5.95
748319,180,Carlos,Alcaraz,Carlos Alcaraz,Midfield,Central Midfield,20,8500000,Southampton FC,premier-league,13(5),1035.0,2,0.3,15.7,78.1,-,0.3,0.1,6.49
564785,6574,Kristian,Thorstvedt,Kristian Thorstvedt,Midfield,Attacking Midfield,23,8500000,US Sassuolo,serie-a,13(18),1133.0,1,0.3,15.2,77.3,-,0.4,-,6.3
347900,1025,Jerdy,Schouten,Jerdy Schouten,Midfield,Defensive Midfield,25,8500000,Bologna FC 1909,serie-a,29(4),2516.0,2,0.6,45.2,87.1,-,1.4,-,6.7
216179,2919,Stefano,Sensi,Stefano Sensi,Midfield,Central Midfield,27,8000000,AC Monza,serie-a,21(7),1629.0,1,0.9,43.7,87.4,0.5,3.1,0.1,6.64
450050,667,Jean-Ricner,Bellegarde,Jean-Ricner Bellegarde,Midfield,Central Midfield,24,8000000,RC Strasbourg Alsace,ligue-1,29(1),2428.0,6,1.9,36.3,81.6,1.5,1.5,0.1,7.07
425902,703,Ryan,Yates,Ryan Yates,Midfield,Central Midfield,25,8000000,Nottingham Forest,premier-league,21(5),1840.0,2,0.3,22.2,78.2,-,1,-,6.45
506189,379,Flynn,Downes,Flynn Downes,Midfield,Central Midfield,23,8000000,West Ham United,premier-league,7(14),758.0,-,0.1,15.6,88.4,-,0.2,-,6.13
413032,180,Ibrahima,Diallo,Ibrahima Diallo,Midfield,Defensive Midfield,23,8000000,Southampton FC,premier-league,11(7),821.0,-,0.2,22.1,79.6,-,0.7,-,6.21
135617,1041,Thiago,Mendes,Thiago Mendes,Midfield,Defensive Midfield,30,8000000,Olympique Lyon,ligue-1,22(9),2065.0,1,0.3,53.3,87.0,-,3.2,0.1,6.61
285845,11,Ainsley,Maitland-Niles,Ainsley Maitland-Niles,Midfield,Right Midfield,25,8000000,Arsenal FC,premier-league,13(9),1405.0,-,0.5,28.4,81.1,0.3,1.2,-,6.5
295183,749,Razvan,Marin,Razvan Marin,Midfield,Central Midfield,26,8000000,FC Empoli,serie-a,28(5),2539.0,4,1.7,43.7,84.5,1.2,3.7,-,6.74
390177,6574,Nedim,Bajrami,Nedim Bajrami,Midfield,Attacking Midfield,23,8000000,US Sassuolo,serie-a,8(11),931.0,1,0.8,16.1,80.0,0.4,0.5,-,6.34
432090,506,Nicolò,Fagioli,Nicolò Fagioli,Midfield,Central Midfield,21,8000000,Juventus FC,serie-a,17(9),1523.0,3,0.6,22.0,85.5,0.3,1.2,0.1,6.53
190284,60,Maximilian,Eggestein,Maximilian Eggestein,Midfield,Central Midfield,26,8000000,SC Freiburg,bundesliga,27(4),2459.0,2,0.8,27.4,77.5,0.1,0.7,0.1,6.68
461496,1005,Morten,Hjulmand,Morten Hjulmand,Midfield,Defensive Midfield,23,8000000,US Lecce,serie-a,34(1),2963.0,4,0.7,37.2,79.3,0.1,2.7,-,6.82
272587,60,Daniel-Kofi,Kyereh,Daniel-Kofi Kyereh,Midfield,Attacking Midfield,26,8000000,SC Freiburg,bundesliga,7(5),564.0,-,0.3,14.8,77.5,0.1,0.3,-,6.29
261905,44,Suat,Serdar,Suat Serdar,Midfield,Central Midfield,25,8000000,Hertha BSC,bundesliga,24(8),2034.0,2,0.6,19.0,70.6,0.1,1.0,-,6.66
357233,39,Leandro,Barreiro,Leandro Barreiro,Midfield,Central Midfield,22,8000000,1.FSV Mainz 05,bundesliga,25(6),2144.0,3,0.5,17.7,69.0,-,0.4,-,6.75
372712,667,Ibrahima,Sissoko,Ibrahima Sissoko,Midfield,Defensive Midfield,25,8000000,RC Strasbourg Alsace,ligue-1,13(13),1306.0,2,0.4,23.9,77.5,0.2,1.2,0.1,6.41
82873,1237,Pascal,Groß,Pascal Groß,Midfield,Central Midfield,31,8000000,Brighton & Hove Albion,premier-league,37,3246.0,8,2.2,54.8,86.0,1.4,2.0,0.1,7.0
126665,29,Idrissa,Gueye,Idrissa Gueye,Midfield,Central Midfield,33,8000000,Everton FC,premier-league,32(1),2594.0,1,0.4,36.6,84.5,-,1.1,-,6.65
124410,89,Rani,Khedira,Rani Khedira,Midfield,Defensive Midfield,28,8000000,1.FC Union Berlin,bundesliga,33,2887.0,-,0.2,31.1,75.4,0.2,1.4,-,6.66
157506,873,Jeffrey,Schlupp,Jeffrey Schlupp,Midfield,Left Midfield,30,8000000,Crystal Palace,premier-league,30(4),2546.0,1,0.5,25.1,75.5,-,0.8,-,6.66
322305,1158,Jean-Victor,Makengo,Jean-Victor Makengo,Midfield,Central Midfield,24,7500000,FC Lorient,ligue-1,11(5),812.0,1,0.3,19.4,84.8,0.1,0.4,-,6.4
234029,533,Grischa,Prömel,Grischa Prömel,Midfield,Central Midfield,27,7500000,TSG 1899 Hoffenheim,bundesliga,17(1),1458.0,1,0.4,25.4,77.9,0.1,0.9,-,6.58
257751,3522,Simone,Bastoni,Simone Bastoni,Midfield,Central Midfield,26,7500000,Spezia Calcio,serie-a,15(4),1198.0,4,0.9,23.6,69.3,1.1,0.9,0.1,6.65
353796,380,Giulio,Maggiore,Giulio Maggiore,Midfield,Central Midfield,24,7500000,US Salernitana 1919,serie-a,11(5),900.0,-,0.2,29.0,75.2,0.1,0.9,0.1,6.27
535834,162,Eliot,Matazo,Eliot Matazo,Midfield,Central Midfield,20,7000000,AS Monaco,ligue-1,13(10),1176.0,-,0.1,21.2,81.8,-,1.5,-,6.29
59561,1050,Dani,Parejo,Dani Parejo,Midfield,Central Midfield,33,7000000,Villarreal CF,laliga,37,3289.0,4,1.4,65.1,90.6,0.9,4.1,0.1,6.96
170934,543,Mario,Lemina,Mario Lemina,Midfield,Defensive Midfield,29,7000000,Wolverhampton Wanderers,premier-league,17(2),1306.0,1,0.2,34.1,87.3,0.1,1.4,-,6.45
71292,703,Jonjo,Shelvey,Jonjo Shelvey,Midfield,Central Midfield,30,7000000,Nottingham Forest,premier-league,0(3),34.0,-,-,8.7,73.1,-,1.3,-,6.03
316934,1025,Nikola,Moro,Nikola Moro,Midfield,Defensive Midfield,24,7000000,Bologna FC 1909,serie-a,12(14),1224.0,5,0.7,29.9,81.6,0.1,2.0,0.2,6.64
617074,1049,Ilaix,Moriba,Ilaix Moriba,Midfield,Central Midfield,19,7000000,Valencia CF,laliga,10(14),1006.0,2,0.5,20.5,80.9,0.1,1,-,6.32
334835,398,Toma,Basic,Toma Basic,Midfield,Central Midfield,26,7000000,SS Lazio,serie-a,4(21),499.0,-,0.3,10.9,77.7,0.1,0.1,-,6.22
370791,417,Pablo,Rosario,Pablo Rosario,Midfield,Defensive Midfield,25,7000000,OGC Nice,ligue-1,17(14),1760.0,1,0.6,33.2,89.4,0.1,1.6,-,6.4
213670,331,Lucas,Torró,Lucas Torró,Midfield,Defensive Midfield,28,7000000,CA Osasuna,laliga,31(2),2489.0,-,0.3,35.3,80.7,-,1.4,-,6.71
261504,12321,Aleix,García,Aleix García,Midfield,Central Midfield,25,7000000,Girona FC,laliga,26(4),2341.0,5,2.1,48.4,88.9,2.2,3.3,0.1,7.04
199733,398,Danilo,Cataldi,Danilo Cataldi,Midfield,Defensive Midfield,28,7000000,SS Lazio,serie-a,26(3),1942.0,1,0.6,43.9,88.6,0.5,1.9,0.1,6.6
239743,826,Przemyslaw,Frankowski,Przemyslaw Frankowski,Midfield,Right Midfield,27,7000000,RC Lens,ligue-1,31(6),2838.0,3,1.8,36.1,82.1,1.7,1.4,-,7.03
569384,1095,Lucien,Agoumé,Lucien Agoumé,Midfield,Defensive Midfield,20,7000000,ESTAC Troyes,ligue-1,14(1),1097.0,1,0.8,48.7,83.7,0.4,2.5,0.1,6.71
226524,89,Morten,Thorsby,Morten Thorsby,Midfield,Central Midfield,26,7000000,1.FC Union Berlin,bundesliga,8(16),827.0,1,0.3,7.8,62.9,0.1,0.1,-,6.27
146310,79,Wataru,Endo,Wataru Endo,Midfield,Defensive Midfield,29,6500000,VfB Stuttgart,bundesliga,33,2925.0,4,1.4,44.3,79.7,0.1,2.5,0.2,6.97
370998,82,Bartol,Franjic,Bartol Franjic,Midfield,Defensive Midfield,22,6500000,VfL Wolfsburg,bundesliga,3(2),230.0,1,0.4,15.6,78.2,-,0.6,-,6.48
112302,410,Roberto,Pereyra,Roberto Pereyra,Midfield,Central Midfield,31,6500000,Udinese Calcio,serie-a,33(1),2837.0,7,1.4,33.7,84.5,0.6,1.1,-,6.77
377219,366,Selim,Amallah,Selim Amallah,Midfield,Attacking Midfield,26,6500000,Real Valladolid CF,laliga,3(4),270.0,1,0.4,11.3,77.2,-,0.6,-,6.79
184894,430,Alfred,Duncan,Alfred Duncan,Midfield,Central Midfield,29,6500000,ACF Fiorentina,serie-a,13(12),1107.0,-,0.6,20.2,80.8,0.4,1.1,-,6.4
197471,46,Roberto,Gagliardini,Roberto Gagliardini,Midfield,Central Midfield,28,6500000,Inter Milan,serie-a,7(12),777.0,-,0.3,18.2,84.6,0.2,0.4,0.1,6.27
810092,583,Warren,Zaïre-Emery,Warren Zaïre-Emery,Midfield,Central Midfield,16,6000000,Paris Saint-Germain,ligue-1,8(18),919.0,-,0.2,22.7,92.0,-,0.2,-,6.31
634131,331,Aimar,Oroz,Aimar Oroz,Midfield,Attacking Midfield,21,6000000,CA Osasuna,laliga,23(8),2023.0,6,1.1,26.0,80.3,-,0.7,0.1,6.63
130765,180,Stuart,Armstrong,Stuart Armstrong,Midfield,Central Midfield,30,6000000,Southampton FC,premier-league,14(18),1405.0,1,0.6,19.5,81.7,0.3,0.5,-,6.31
315145,1421,Azor,Matusiwa,Azor Matusiwa,Midfield,Defensive Midfield,24,6000000,Stade Reims,ligue-1,29(1),2492.0,-,0.8,53.3,85.7,-,3.8,-,6.89
188854,1050,Manu,Trigueros,Manu Trigueros,Midfield,Central Midfield,31,6000000,Villarreal CF,laliga,8(15),818.0,1,0.4,22.9,89.6,-,0.7,-,6.27
119277,82,Yannick,Gerhardt,Yannick Gerhardt,Midfield,Central Midfield,28,6000000,VfL Wolfsburg,bundesliga,22(7),1869.0,4,0.7,22.3,76.0,0.2,0.7,-,6.62
506248,714,Edu,Expósito,Edu Expósito,Midfield,Central Midfield,26,6000000,RCD Espanyol Barcelona,laliga,13(15),1165.0,2,0.8,17.1,79.1,0.3,0.8,0.1,6.47
443710,533,Angelo,Stiller,Angelo Stiller,Midfield,Defensive Midfield,21,6000000,TSG 1899 Hoffenheim,bundesliga,7(14),700.0,1,0.1,16.8,78.1,-,0.8,-,6.37
232454,15,Nadiem,Amiri,Nadiem Amiri,Midfield,Central Midfield,26,6000000,Bayer 04 Leverkusen,bundesliga,9(16),970.0,1,0.6,19.4,85.3,0.3,1.0,0.1,6.42
405687,33,Tom,Krauß,Tom Krauß,Midfield,Central Midfield,21,6000000,FC Schalke 04,bundesliga,31(1),2531.0,-,0.3,24.5,73.3,0.1,0.8,-,6.66
55735,46,Henrikh,Mkhitaryan,Henrikh Mkhitaryan,Midfield,Attacking Midfield,33,6000000,Inter Milan,serie-a,24(7),1997.0,2,0.6,33.1,88.4,0.3,1.5,-,6.69
174094,667,Morgan,Sanson,Morgan Sanson,Midfield,Central Midfield,28,6000000,RC Strasbourg Alsace,ligue-1,0(2),10.0,-,-,3.5,71.4,-,-,-,6.06
457221,3302,Lucas,Robertone,Lucas Robertone,Midfield,Central Midfield,25,6000000,UD Almería,laliga,34(3),2860.0,7,1.4,32.7,82.4,1.2,2.2,0.2,6.91
242273,995,Pedro,Chirivella,Pedro Chirivella,Midfield,Defensive Midfield,25,6000000,FC Nantes,ligue-1,25(1),2042.0,1,0.9,51.5,86.6,-,4.7,-,6.52
387234,3522,Szymon,Zurkowski,Szymon Zurkowski,Midfield,Central Midfield,25,5800000,Spezia Calcio,serie-a,0(2),30.0,1,0.5,9.0,94.4,-,0.5,-,6.25
538971,873,Naouirou,Ahamada,Naouirou Ahamada,Midfield,Central Midfield,20,5500000,Crystal Palace,premier-league,17,1409.0,2,0.9,30.4,85.7,0.1,0.5,0.1,6.47
296397,167,Arne,Maier,Arne Maier,Midfield,Central Midfield,23,5500000,FC Augsburg,bundesliga,24(6),1972.0,1,0.7,19.4,69.4,0.5,0.9,-,6.46
118284,969,Jordan,Ferri,Jordan Ferri,Midfield,Central Midfield,30,5000000,Montpellier HSC,ligue-1,32(2),2749.0,2,0.9,57.0,86.5,0.2,4.4,0.2,6.55
649020,543,Boubacar,Traoré,Boubacar Traoré,Midfield,Defensive Midfield,21,5000000,Wolverhampton Wanderers,premier-league,4(6),406.0,1,0.1,14.5,81.4,-,0.5,-,6.25
414908,1421,Marshall,Munetsi,Marshall Munetsi,Midfield,Defensive Midfield,26,5000000,Stade Reims,ligue-1,31(3),2708.0,3,0.9,25.3,75.3,0.1,1.1,-,6.88
226097,44,Ivan,Sunjic,Ivan Sunjic,Midfield,Defensive Midfield,26,5000000,Hertha BSC,bundesliga,12(6),993.0,-,0.2,20.0,75.0,-,1,0.1,6.32
245537,1420,Nabil,Bentaleb,Nabil Bentaleb,Midfield,Central Midfield,28,5000000,Angers SCO,ligue-1,29(1),2492.0,4,1.1,58.3,85.2,0.7,4.0,0.1,7.03
177779,89,Janik,Haberer,Janik Haberer,Midfield,Central Midfield,28,5000000,1.FC Union Berlin,bundesliga,30(2),2213.0,1,0.7,20.3,73.8,0.1,0.7,-,6.63
165007,714,Denis,Suárez,Denis Suárez,Midfield,Attacking Midfield,28,5000000,RCD Espanyol Barcelona,laliga,11(7),950.0,-,0.9,22.8,77.1,0.6,0.6,0.1,6.43
300168,621,Mikel,Vesga,Mikel Vesga,Midfield,Defensive Midfield,29,5000000,Athletic Bilbao,laliga,28(8),2576.0,3,0.6,41.4,84.2,0.1,2.8,-,6.63
82070,6195,Diego,Demme,Diego Demme,Midfield,Defensive Midfield,31,5000000,SSC Napoli,serie-a,2(5),144.0,-,0.1,27.3,94.8,-,1,-,6.17
465967,681,Ander,Guevara,Ander Guevara,Midfield,Central Midfield,25,5000000,Real Sociedad,laliga,2(6),218.0,-,0.5,22.3,90.4,-,0.1,0.1,6.4
65230,131,Sergio,Busquets,Sergio Busquets,Midfield,Defensive Midfield,34,5000000,FC Barcelona,laliga,28(2),2347.0,4,0.8,64.5,88.7,0.1,3.8,0.3,6.99
764859,940,Williot,Swedberg,Williot Swedberg,Midfield,Attacking Midfield,18,5000000,Celta de Vigo,laliga,0(4),52.0,-,-,4.3,82.4,-,-,-,6.1
66100,12321,Oriol,Romeu,Oriol Romeu,Midfield,Defensive Midfield,31,5000000,Girona FC,laliga,33,2952.0,-,0.6,48.6,87.3,0.1,2.6,-,6.71
656441,826,Jean,Onana,Jean Onana,Midfield,Defensive Midfield,22,5000000,RC Lens,ligue-1,9(12),807.0,-,0.3,22.4,87.0,-,0.9,-,6.5
454863,89,András,Schäfer,András Schäfer,Midfield,Central Midfield,23,5000000,1.FC Union Berlin,bundesliga,10(6),864.0,-,0.2,16.6,76.6,0.1,0.2,0.1,6.38
74869,1050,Francis,Coquelin,Francis Coquelin,Midfield,Defensive Midfield,31,5000000,Villarreal CF,laliga,9(7),746.0,-,0.4,18.9,87.4,0.1,0.4,0.1,6.42
711517,82,Kevin,Paredes,Kevin Paredes,Midfield,Left Midfield,19,5000000,VfL Wolfsburg,bundesliga,1(21),515.0,3,0.6,7.9,79.9,0.3,0.3,-,6.38
91970,506,Juan,Cuadrado,Juan Cuadrado,Midfield,Right Midfield,34,5000000,Juventus FC,serie-a,24(7),2090.0,3,1.4,35.7,87.0,1.1,2.7,-,6.89
384593,826,Alexis,Claude-Maurice,Alexis Claude-Maurice,Midfield,Attacking Midfield,24,5000000,RC Lens,ligue-1,1(1),64.0,-,0.5,12.0,83.3,-,-,-,6.25
277635,1095,Rominigue,Kouamé,Rominigue Kouamé,Midfield,Central Midfield,26,5000000,ESTAC Troyes,ligue-1,31(1),2669.0,1,0.7,43.6,89.1,0.1,2.3,0.1,6.77
89733,2687,Álex,Fernández,Álex Fernández,Midfield,Attacking Midfield,30,5000000,Cádiz CF,laliga,17(11),1575.0,-,0.6,24.3,86.6,0.4,1.4,0.1,6.35
207014,873,Will,Hughes,Will Hughes,Midfield,Central Midfield,27,5000000,Crystal Palace,premier-league,7(20),830.0,1,0.2,13.2,81.8,0.1,0.3,-,6.27
215977,826,Adrien,Thomasson,Adrien Thomasson,Midfield,Attacking Midfield,29,5000000,RC Lens,ligue-1,10(5),938.0,2,1.1,34.1,82.8,0.3,0.9,0.1,6.39
325993,276,Oliver,Abildgaard,Oliver Abildgaard,Midfield,Defensive Midfield,26,5000000,Hellas Verona,serie-a,6(7),584.0,-,0.5,14.5,59.8,0.2,0.6,-,6.47
657430,3302,Samú,Costa,Samú Costa,Midfield,Defensive Midfield,22,5000000,UD Almería,laliga,22(10),1988.0,2,0.4,33.7,79.9,-,2.5,-,6.55
268429,410,Sandi,Lovric,Sandi Lovric,Midfield,Central Midfield,24,5000000,Udinese Calcio,serie-a,28(9),2351.0,6,1.3,23.7,83.9,0.7,1.4,-,6.66
53418,23826,Kevin,Kampl,Kevin Kampl,Midfield,Central Midfield,32,5000000,RB Leipzig,bundesliga,16(14),1371.0,2,0.4,29.7,88.6,-,1.1,0.1,6.41
560593,417,Hicham,Boudaoui,Hicham Boudaoui,Midfield,Central Midfield,23,5000000,OGC Nice,ligue-1,22(5),1882.0,2,0.9,44.4,89.7,0.2,1.1,-,6.97
113707,1082,Rémy,Cabella,Rémy Cabella,Midfield,Attacking Midfield,32,5000000,LOSC Lille,ligue-1,28(4),2535.0,10,3.2,49.1,84.3,1.6,0.9,0.2,7.38
35047,13,Axel,Witsel,Axel Witsel,Midfield,Defensive Midfield,33,5000000,Atlético de Madrid,laliga,25(8),2255.0,-,0.1,40.1,92.7,-,1.0,-,6.55
281989,3709,Luis,Milla,Luis Milla,Midfield,Central Midfield,28,5000000,Getafe CF,laliga,22(5),1862.0,3,1.1,33.1,82.1,0.9,2.5,-,6.63
164913,2239,Soualiho,Meïté,Soualiho Meïté,Midfield,Central Midfield,28,4800000,US Cremonese,serie-a,28(3),2372.0,2,0.5,32.6,85.0,0.1,1.5,-,6.52
398163,3709,Gonzalo,Villar,Gonzalo Villar,Midfield,Central Midfield,24,4500000,Getafe CF,laliga,8(7),695.0,-,-,24.9,84.2,0.1,0.9,-,6.08
143812,398,Matías,Vecino,Matías Vecino,Midfield,Central Midfield,31,4500000,SS Lazio,serie-a,17(15),1685.0,-,0.3,30.2,85.9,-,0.8,-,6.54
346853,86,Romano,Schmid,Romano Schmid,Midfield,Attacking Midfield,22,4500000,SV Werder Bremen,bundesliga,15(12),1521.0,3,0.8,26.3,76.8,0.1,1,0.1,6.37
795738,24,Paxten,Aaronson,Paxten Aaronson,Midfield,Attacking Midfield,19,4500000,Eintracht Frankfurt,bundesliga,0(7),167.0,-,0.1,8.9,77.4,0.1,-,-,6.27
324377,1005,Youssef,Maleh,Youssef Maleh,Midfield,Central Midfield,24,4500000,US Lecce,serie-a,4(3),299.0,-,0.9,15.3,86.0,0.3,0.7,-,6.13
130360,276,Simone,Verdi,Simone Verdi,Midfield,Attacking Midfield,30,4500000,Hellas Verona,serie-a,12(12),1093.0,-,0.8,13.7,75.6,0.8,1.1,0.1,6.62
468066,1421,Jens,Cajuste,Jens Cajuste,Midfield,Defensive Midfield,23,4500000,Stade Reims,ligue-1,14(17),1529.0,1,0.5,23.5,82.8,-,1.5,-,6.61
743091,1038,Emirhan,Ilkhan,Emirhan Ilkhan,Midfield,Central Midfield,18,4500000,UC Sampdoria,serie-a,0(8),102.0,-,0.1,7.4,88.1,0.1,0.5,-,6.14
358008,6195,Gianluca,Gaetano,Gianluca Gaetano,Midfield,Attacking Midfield,22,4500000,SSC Napoli,serie-a,0(8),65.0,1,0.1,7.4,81.4,-,0.1,-,6.34
232320,79,Atakan,Karazor,Atakan Karazor,Midfield,Defensive Midfield,26,4500000,VfB Stuttgart,bundesliga,22(7),1961.0,1,0.5,38.3,85.0,-,1.7,-,6.6
377393,3911,Pierre,Lees-Melou,Pierre Lees-Melou,Midfield,Defensive Midfield,29,4500000,Stade Brestois 29,ligue-1,32,2773.0,5,0.5,44.2,83.9,0.2,5.5,0.1,6.99
241481,873,Jairo,Riedewald,Jairo Riedewald,Midfield,Defensive Midfield,26,4000000,Crystal Palace,premier-league,0(6),60.0,-,-,6.8,78.0,-,-,-,6.11
233782,89,Aïssa,Laïdouni,Aïssa Laïdouni,Midfield,Central Midfield,26,4000000,1.FC Union Berlin,bundesliga,11(3),879.0,-,0.3,21.8,76.1,0.2,1.4,0.1,6.61
206912,826,Jimmy,Cabot,Jimmy Cabot,Midfield,Right Midfield,28,4000000,RC Lens,ligue-1,5(6),508.0,1,1.5,23.0,83.4,1.2,1.2,0.1,6.75
35518,681,David,Silva,David Silva,Midfield,Attacking Midfield,36,4000000,Real Sociedad,laliga,25(3),1958.0,5,1.3,40.4,86.1,0.1,1.4,0.2,6.85
517753,367,Óscar,Valentín,Óscar Valentín,Midfield,Central Midfield,28,4000000,Rayo Vallecano,laliga,29(5),2564.0,-,0.6,34.3,81.9,-,2.1,-,6.59
74683,12,Nemanja,Matic,Nemanja Matic,Midfield,Defensive Midfield,34,4000000,AS Roma,serie-a,16(19),1839.0,2,0.7,36.4,86.7,0.1,2.4,-,6.65
74294,368,Nemanja,Gudelj,Nemanja Gudelj,Midfield,Defensive Midfield,31,4000000,Sevilla FC,laliga,31(3),2779.0,1,0.1,46.7,90.5,0.1,1.3,-,6.67
241501,415,Stijn,Spierings,Stijn Spierings,Midfield,Defensive Midfield,26,4000000,FC Toulouse,ligue-1,35(1),3123.0,-,0.6,57.0,86.1,0.1,3.9,-,6.81
525578,367,Pathé,Ciss,Pathé Ciss,Midfield,Central Midfield,28,4000000,Rayo Vallecano,laliga,12(20),1268.0,-,0.2,21.7,82.8,-,1.5,-,6.35
711999,273,Lesley,Ugochukwu,Lesley Ugochukwu,Midfield,Defensive Midfield,18,4000000,Stade Rennais FC,ligue-1,14(12),1330.0,1,0.1,24.8,87.6,-,1.2,-,6.48
406806,380,Emil,Bohinen,Emil Bohinen,Midfield,Central Midfield,23,4000000,US Salernitana 1919,serie-a,9(15),825.0,-,0.5,19.8,84.8,-,0.4,-,6.38
745200,162,Maghnes,Akliouche,Maghnes Akliouche,Midfield,Attacking Midfield,20,4000000,AS Monaco,ligue-1,5(6),403.0,-,0.5,13.9,83.0,-,0.1,-,6.28
428563,1025,Lewis,Ferguson,Lewis Ferguson,Midfield,Central Midfield,23,4000000,Bologna FC 1909,serie-a,27(5),2324.0,-,0.5,37.2,86.1,0.1,0.5,-,6.73
429901,150,Paul,Akouokou,Paul Akouokou,Midfield,Defensive Midfield,25,4000000,Real Betis Balompié,laliga,3(9),442.0,-,-,14.2,93.5,-,0.8,0.1,6.45
597000,3,Eric,Martel,Eric Martel,Midfield,Defensive Midfield,20,4000000,1.FC Köln,bundesliga,23(6),2024.0,1,0.2,29.8,79.7,0.2,0.8,-,6.68
32467,368,Ivan,Rakitic,Ivan Rakitic,Midfield,Central Midfield,34,4000000,Sevilla FC,laliga,21(10),1791.0,3,0.9,37.2,83.6,0.8,2.5,-,6.54
527698,366,Kike,Pérez,Kike Pérez,Midfield,Central Midfield,25,4000000,Real Valladolid CF,laliga,28(8),2319.0,2,0.9,31.5,79.3,0.3,2.3,-,6.57
667287,1237,Yasin,Ayari,Yasin Ayari,Midfield,Central Midfield,19,4000000,Brighton & Hove Albion,premier-league,1(2),66.0,-,0.7,7.3,90.9,-,0.7,0.3,6.16
532178,399,Sam,Greenwood,Sam Greenwood,Midfield,Attacking Midfield,20,4000000,Leeds United,premier-league,3(15),413.0,2,0.7,7.8,62.4,1,0.3,-,6.3
340394,1038,Abdelhamid,Sabiri,Abdelhamid Sabiri,Midfield,Attacking Midfield,26,4000000,UC Sampdoria,serie-a,12(6),1071.0,-,0.8,22.3,74.1,0.6,1.4,0.1,6.44
386552,380,Lassana,Coulibaly,Lassana Coulibaly,Midfield,Central Midfield,26,4000000,US Salernitana 1919,serie-a,34(1),2901.0,3,0.6,33.1,84.0,-,1.0,0.1,6.72
232418,276,Ondrej,Duda,Ondrej Duda,Midfield,Attacking Midfield,28,4000000,Hellas Verona,serie-a,11(4),1066.0,-,0.3,27.6,77.3,0.1,1.8,-,6.55
563137,681,Robert,Navarro,Robert Navarro,Midfield,Attacking Midfield,20,4000000,Real Sociedad,laliga,1(16),341.0,-,0.7,7.1,77.7,0.3,0.1,-,6.18
335225,237,Manu,Morlanes,Manu Morlanes,Midfield,Central Midfield,23,4000000,RCD Mallorca,laliga,3(2),159.0,-,-,9.0,80.0,-,0.4,-,6.16
324795,3911,Mahdi,Camara,Mahdi Camara,Midfield,Central Midfield,24,4000000,Stade Brestois 29,ligue-1,20(11),1825.0,-,0.3,21.8,84.2,-,0.5,-,6.63
138055,3911,Haris,Belkebla,Haris Belkebla,Midfield,Central Midfield,28,4000000,Stade Brestois 29,ligue-1,30(8),2658.0,-,0.3,31.7,85.5,0.1,1.4,-,6.5
99343,621,Ander,Herrera,Ander Herrera,Midfield,Central Midfield,33,4000000,Athletic Bilbao,laliga,9(8),700.0,1,0.6,26.2,84.3,-,0.8,0.2,6.37
118847,39,Dominik,Kohr,Dominik Kohr,Midfield,Central Midfield,28,4000000,1.FSV Mainz 05,bundesliga,27(3),2296.0,-,0.5,38.9,73.6,-,2.0,0.1,6.62
342039,60,Yannik,Keitel,Yannik Keitel,Midfield,Defensive Midfield,22,4000000,SC Freiburg,bundesliga,8(14),678.0,2,0.2,11.0,78.4,-,0.6,-,6.28
162056,3302,Gonzalo,Melero,Gonzalo Melero,Midfield,Central Midfield,28,4000000,UD Almería,laliga,24(3),1877.0,3,0.7,27.7,86.8,-,1.4,-,6.58
182581,380,Tonny,Vilhena,Tonny Vilhena,Midfield,Central Midfield,27,3800000,US Salernitana 1919,serie-a,27(6),2275.0,1,0.6,24.2,79.7,0.5,1.0,-,6.46
243879,2239,Charles,Pickel,Charles Pickel,Midfield,Defensive Midfield,25,3800000,US Cremonese,serie-a,30(3),2491.0,-,0.6,28.8,78.3,-,0.7,-,6.33
380598,367,Santi,Comesaña,Santi Comesaña,Midfield,Central Midfield,26,3500000,Rayo Vallecano,laliga,29(6),2470.0,2,1.2,34.8,83.8,0.1,1.7,-,6.77
289835,86,Jens,Stage,Jens Stage,Midfield,Central Midfield,26,3500000,SV Werder Bremen,bundesliga,21(11),1858.0,3,0.5,18.8,68.1,0.1,0.5,-,6.48
344600,1038,Michaël,Cuisance,Michaël Cuisance,Midfield,Central Midfield,23,3500000,UC Sampdoria,serie-a,9(3),624.0,-,0.5,16.7,85.0,0.3,0.8,0.1,6.34
225873,416,Karol,Linetty,Karol Linetty,Midfield,Central Midfield,27,3500000,Torino FC,serie-a,22(10),1888.0,-,0.6,29.4,87.3,0.3,1.1,-,6.42
240934,749,Filippo,Bandinelli,Filippo Bandinelli,Midfield,Central Midfield,27,3500000,FC Empoli,serie-a,28(7),2284.0,-,0.9,26.0,78.4,0.8,1.1,-,6.55
63186,1025,Roberto,Soriano,Roberto Soriano,Midfield,Attacking Midfield,31,3500000,Bologna FC 1909,serie-a,15(12),1326.0,3,0.7,21.8,81.1,0.1,0.7,0.1,6.48
183293,989,Joe,Rothwell,Joe Rothwell,Midfield,Central Midfield,27,3500000,AFC Bournemouth,premier-league,12(8),1019.0,1,0.4,21.5,87.6,0.4,1,0.1,6.44
390160,3522,Salvatore,Esposito,Salvatore Esposito,Midfield,Defensive Midfield,22,3500000,Spezia Calcio,serie-a,10(5),971.0,-,0.8,39.7,81.4,0.9,1.6,-,6.43
353403,995,Samuel,Moutoussamy,Samuel Moutoussamy,Midfield,Central Midfield,26,3500000,FC Nantes,ligue-1,27(8),2403.0,2,0.5,34.6,86.5,0.1,1.6,0.1,6.42
237658,1025,Michel,Aebischer,Michel Aebischer,Midfield,Central Midfield,25,3500000,Bologna FC 1909,serie-a,18(14),1541.0,-,0.5,19.9,84.9,0.1,0.6,-,6.18
606752,33,Rodrigo,Zalazar,Rodrigo Zalazar,Midfield,Attacking Midfield,23,3500000,FC Schalke 04,bundesliga,15(7),1326.0,6,1.6,13.9,68.6,1.8,0.7,0.2,6.9
567576,762,Elliot,Anderson,Elliot Anderson,Midfield,Attacking Midfield,20,3500000,Newcastle United,premier-league,3(19),396.0,1,0.4,8.4,77.8,0.2,0.2,-,6.3
111051,1003,Nampalys,Mendy,Nampalys Mendy,Midfield,Defensive Midfield,30,3500000,Leicester City,premier-league,7(12),751.0,-,0.1,21.5,88.3,-,0.6,-,6.31
398808,366,Martin,Hongla,Martin Hongla,Midfield,Defensive Midfield,24,3500000,Real Valladolid CF,laliga,6(3),524.0,-,0.3,22.6,80.8,0.1,1.3,-,6.36
93844,86,Leonardo,Bittencourt,Leonardo Bittencourt,Midfield,Attacking Midfield,29,3500000,SV Werder Bremen,bundesliga,22(3),1644.0,2,0.6,28.4,76.1,0.3,1,-,6.64
46001,995,Moussa,Sissoko,Moussa Sissoko,Midfield,Central Midfield,33,3500000,FC Nantes,ligue-1,22(8),1923.0,-,0.6,25.1,81.0,0.2,0.9,-,6.38
587458,3522,Kevin,Agudelo,Kevin Agudelo,Midfield,Attacking Midfield,24,3500000,Spezia Calcio,serie-a,23(11),2140.0,1,0.8,20.2,75.5,0.2,0.5,0.1,6.53
125783,667,Sanjin,Prcic,Sanjin Prcic,Midfield,Central Midfield,29,3500000,RC Strasbourg Alsace,ligue-1,17(12),1633.0,1,0.4,35.4,86.1,0.2,3.3,0.1,6.48
536508,290,Han-Noah,Massengo,Han-Noah Massengo,Midfield,Defensive Midfield,21,3500000,AJ Auxerre,ligue-1,13(1),1119.0,-,0.8,31.7,86.0,0.1,1.1,0.1,6.69
142031,1531,Omar,Mascarell,Omar Mascarell,Midfield,Defensive Midfield,29,3500000,Elche CF,laliga,28,2450.0,1,0.7,44.3,86.8,0.4,3.5,-,6.67
340867,3709,Jaime,Seoane,Jaime Seoane,Midfield,Central Midfield,25,3500000,Getafe CF,laliga,2(14),320.0,-,0.4,6.8,79.8,-,0.4,0.1,6.11
192009,367,Unai,López,Unai López,Midfield,Central Midfield,27,3500000,Rayo Vallecano,laliga,12(22),1244.0,2,0.6,25.3,84.5,0.4,2.3,-,6.35
295622,714,Keidi,Bare,Keidi Bare,Midfield,Central Midfield,25,3500000,RCD Espanyol Barcelona,laliga,4(14),498.0,1,0.2,14.5,84.3,0.1,0.8,-,6.23
442805,237,Iddrisu,Baba,Iddrisu Baba,Midfield,Central Midfield,26,3000000,RCD Mallorca,laliga,20(9),1751.0,-,0.2,20.0,81.9,-,1.5,-,6.39
746891,12,Cristian,Volpato,Cristian Volpato,Midfield,Attacking Midfield,19,3000000,AS Roma,serie-a,2(5),224.0,1,0.6,13.6,82.1,0.6,1.1,0.1,6.55
569385,1158,Adil,Aouchiche,Adil Aouchiche,Midfield,Attacking Midfield,20,3000000,FC Lorient,ligue-1,1(10),242.0,-,0.1,12.2,83.6,-,0.9,-,6.14
330352,1531,Raúl,Guti,Raúl Guti,Midfield,Central Midfield,26,3000000,Elche CF,laliga,12(16),1084.0,-,0.1,14.2,81.9,-,0.6,-,6.13
238626,1158,Laurent,Abergel,Laurent Abergel,Midfield,Defensive Midfield,29,3000000,FC Lorient,ligue-1,28(1),2351.0,1,0.5,50.8,88.7,-,2.3,0.2,6.72
649033,1421,Dion,Lopy,Dion Lopy,Midfield,Defensive Midfield,20,3000000,Stade Reims,ligue-1,16(13),1377.0,1,0.5,25.2,85.5,-,2.1,-,6.43
192638,749,Nicolas,Haas,Nicolas Haas,Midfield,Central Midfield,26,3000000,FC Empoli,serie-a,12(12),1160.0,1,0.4,16.5,76.3,-,0.8,-,6.27
212804,1095,Florian,Tardieu,Florian Tardieu,Midfield,Central Midfield,30,3000000,ESTAC Troyes,ligue-1,11(4),1010.0,-,1.1,47.1,90.4,0.9,3.7,-,6.81
63494,1050,Étienne,Capoue,Étienne Capoue,Midfield,Defensive Midfield,34,3000000,Villarreal CF,laliga,22(6),1958.0,-,0.4,36.8,88.4,-,1.4,0.1,6.72
268670,1531,Gerard,Gumbau,Gerard Gumbau,Midfield,Defensive Midfield,28,3000000,Elche CF,laliga,31(4),2745.0,6,2.1,36.3,81.7,2.1,3.3,-,6.74
37647,244,Dimitri,Payet,Dimitri Payet,Midfield,Attacking Midfield,35,3000000,Olympique Marseille,ligue-1,9(15),828.0,3,1.3,19.0,80.3,0.6,1.5,0.1,6.67
876631,667,Habib,Diarra,Habib Diarra,Midfield,Defensive Midfield,18,3000000,RC Strasbourg Alsace,ligue-1,18(11),1628.0,2,0.8,20.4,80.6,0.4,0.6,0.1,6.59
743395,15,Noah,Mbamba,Noah Mbamba,Midfield,Defensive Midfield,17,3000000,Bayer 04 Leverkusen,bundesliga,0(1),1.0,-,-,-,-,-,-,-,6.0
66934,703,Cheikhou,Kouyaté,Cheikhou Kouyaté,Midfield,Defensive Midfield,33,3000000,Nottingham Forest,premier-league,10(11),880.0,-,0.3,11.7,75.5,-,0.6,-,6.38
416386,6574,Abdou,Harroui,Abdou Harroui,Midfield,Central Midfield,24,3000000,US Sassuolo,serie-a,5(18),637.0,-,0.3,12.8,84.4,0.1,0.1,-,6.31
406640,82,Felix,Nmecha,Felix Nmecha,Midfield,Attacking Midfield,22,3000000,VfL Wolfsburg,bundesliga,19(11),1841.0,5,0.7,23.0,76.7,-,1.2,0.1,6.86
395234,1420,Batista,Mendy,Batista Mendy,Midfield,Defensive Midfield,22,3000000,Angers SCO,ligue-1,35,2871.0,-,0.5,40.5,86.7,0.1,1.9,0.1,6.35
381753,86,Ilia,Gruev,Ilia Gruev,Midfield,Defensive Midfield,22,3000000,SV Werder Bremen,bundesliga,18(13),1588.0,-,0.3,24.7,86.9,0.2,0.8,-,6.31
533916,1148,Shandon,Baptiste,Shandon Baptiste,Midfield,Central Midfield,24,3000000,Brentford FC,premier-league,4(19),606.0,1,0.4,12.1,86.0,0.2,0.6,-,6.22
374040,1147,Vincent,Marchetti,Vincent Marchetti,Midfield,Central Midfield,25,3000000,AC Ajaccio,ligue-1,29(2),2463.0,2,0.5,33.5,80.0,-,2.3,0.2,6.5
30321,367,Óscar,Trejo,Óscar Trejo,Midfield,Attacking Midfield,34,3000000,Rayo Vallecano,laliga,28(6),2164.0,4,1.3,28.2,83.0,0.1,0.5,0.1,6.64
93704,82,Josuha,Guilavogui,Josuha Guilavogui,Midfield,Defensive Midfield,32,3000000,VfL Wolfsburg,bundesliga,11(12),1173.0,-,0.2,34.7,84.6,-,2.0,-,6.48
193867,749,Liam,Henderson,Liam Henderson,Midfield,Central Midfield,26,3000000,FC Empoli,serie-a,11(14),1004.0,1,0.7,20.1,83.3,0.4,0.7,-,6.22
265127,33,Éder,Balanta,Éder Balanta,Midfield,Defensive Midfield,29,3000000,FC Schalke 04,bundesliga,3(3),239.0,-,0.7,14.5,72.4,0.2,0.8,-,6.41
91849,533,Thomas,Delaney,Thomas Delaney,Midfield,Central Midfield,31,3000000,TSG 1899 Hoffenheim,bundesliga,2(6),307.0,-,0.3,19.8,87.3,0.1,0.8,-,6.2
178313,667,Jean-Eudes,Aholou,Jean-Eudes Aholou,Midfield,Defensive Midfield,28,3000000,RC Strasbourg Alsace,ligue-1,16(14),1301.0,1,0.3,19.5,76.1,-,1,0.1,6.43
720038,131,Pablo,Torre,Pablo Torre,Midfield,Central Midfield,19,3000000,FC Barcelona,laliga,1(7),138.0,-,0.5,11.0,85.2,0.3,0.4,0.1,6.22
524010,621,Oier,Zarraga,Oier Zarraga,Midfield,Central Midfield,23,3000000,Athletic Bilbao,laliga,6(20),841.0,-,0.5,13.3,82.1,0.3,0.3,-,6.21
449496,366,Álvaro,Aguado,Álvaro Aguado,Midfield,Central Midfield,26,3000000,Real Valladolid CF,laliga,18(16),1887.0,2,1,31.6,85.2,0.3,3.4,0.1,6.46
434676,416,Ronaldo,Vieira,Ronaldo Vieira,Midfield,Central Midfield,24,3000000,Torino FC,serie-a,0(2),15.0,-,-,3.0,83.3,0.5,-,-,6.09
641537,749,Tommaso,Baldanzi,Tommaso Baldanzi,Midfield,Attacking Midfield,19,3000000,FC Empoli,serie-a,24(2),1789.0,-,0.9,23.8,85.5,-,0.5,0.1,6.55
50057,417,Aaron,Ramsey,Aaron Ramsey,Midfield,Central Midfield,32,3000000,OGC Nice,ligue-1,18(9),1588.0,1,1,37.7,87.8,0.6,2.5,0.1,6.69
568005,1237,Jeremy,Sarmiento,Jeremy Sarmiento,Midfield,Attacking Midfield,20,3000000,Brighton & Hove Albion,premier-league,1(8),169.0,1,0.2,7.1,79.7,0.2,-,-,6.35
692209,1005,Joan,González,Joan González,Midfield,Central Midfield,20,3000000,US Lecce,serie-a,26(9),2212.0,3,0.4,21.1,79.0,0.1,0.7,-,6.39
557147,714,José,Gragera,José Gragera,Midfield,Central Midfield,22,3000000,RCD Espanyol Barcelona,laliga,5(4),461.0,-,-,23.0,85.5,-,0.9,-,6.6
247555,39,Edimilson,Fernandes,Edimilson Fernandes,Midfield,Central Midfield,26,3000000,1.FSV Mainz 05,bundesliga,28(4),2445.0,3,0.5,33.2,73.4,0.6,3.5,-,6.6
900909,27,Paul,Wanner,Paul Wanner,Midfield,Attacking Midfield,17,3000000,Bayern Munich,bundesliga,0(2),23.0,-,0.5,4.5,77.8,-,-,-,6.28
182574,44,Jean-Paul,Boëtius,Jean-Paul Boëtius,Midfield,Attacking Midfield,28,3000000,Hertha BSC,bundesliga,10(11),1046.0,-,0.6,19.6,73.2,0.1,1.3,-,6.32
569366,79,Enzo,Millot,Enzo Millot,Midfield,Central Midfield,20,2500000,VfB Stuttgart,bundesliga,9(14),885.0,1,0.5,15.9,82.2,0.2,0.1,-,6.42
70411,276,Darko,Lazovic,Darko Lazovic,Midfield,Left Midfield,32,2500000,Hellas Verona,serie-a,27(3),2254.0,5,1.5,21.2,68.5,1.1,0.8,0.1,6.67
57280,430,Giacomo,Bonaventura,Giacomo Bonaventura,Midfield,Central Midfield,33,2500000,ACF Fiorentina,serie-a,21(9),1914.0,1,1.1,28.7,85.6,0.4,1.2,0.1,6.69
569390,1158,Julien,Ponceau,Julien Ponceau,Midfield,Attacking Midfield,22,2500000,FC Lorient,ligue-1,20(11),1663.0,4,0.8,26.3,83.7,-,0.8,-,6.39
202984,366,Roque,Mesa,Roque Mesa,Midfield,Central Midfield,33,2500000,Real Valladolid CF,laliga,21(9),1629.0,1,0.6,31.4,83.4,0.1,3.0,0.1,6.4
94307,1038,Filip,Djuricic,Filip Djuricic,Midfield,Attacking Midfield,30,2500000,UC Sampdoria,serie-a,27(5),2186.0,-,1.1,22.1,79.9,0.5,0.8,-,6.44
44466,24,Sebastian,Rode,Sebastian Rode,Midfield,Central Midfield,32,2500000,Eintracht Frankfurt,bundesliga,19(8),1426.0,1,0.4,31.2,84.1,-,1.1,-,6.52
106872,80,Kevin,Stöger,Kevin Stöger,Midfield,Attacking Midfield,29,2500000,VfL Bochum,bundesliga,29(3),2610.0,3,2.1,44.3,74.2,1.3,3.0,0.2,6.84
249157,167,Fredrik,Jensen,Fredrik Jensen,Midfield,Attacking Midfield,25,2500000,FC Augsburg,bundesliga,8(12),922.0,1,0.7,12.3,58.8,0.3,0.8,-,6.33
183302,989,Ben,Pearson,Ben Pearson,Midfield,Central Midfield,27,2500000,AFC Bournemouth,premier-league,3(4),286.0,-,-,19.1,80.6,-,1.1,-,6.05
82097,18,Christoph,Kramer,Christoph Kramer,Midfield,Defensive Midfield,31,2500000,Borussia Mönchengladbach,bundesliga,27(2),2230.0,-,0.5,41.6,83.5,0.1,0.7,-,6.49
55099,60,Nicolas,Höfler,Nicolas Höfler,Midfield,Defensive Midfield,32,2500000,SC Freiburg,bundesliga,32,2822.0,1,0.2,43.1,83.2,-,1.5,-,6.79
532169,826,Lukasz,Poreba,Lukasz Poreba,Midfield,Defensive Midfield,22,2500000,RC Lens,ligue-1,3(7),260.0,1,0.5,13.7,83.2,0.2,0.3,-,6.22
222859,995,Florent,Mollet,Florent Mollet,Midfield,Attacking Midfield,31,2500000,FC Nantes,ligue-1,4(5),408.0,-,0.4,15.7,78.0,0.2,0.3,-,6.11
48298,18,Lars,Stindl,Lars Stindl,Midfield,Attacking Midfield,34,2500000,Borussia Mönchengladbach,bundesliga,20(9),1745.0,7,1.4,25.9,81.6,0.3,1.0,0.2,6.81
671594,1421,Kamory,Doumbia,Kamory Doumbia,Midfield,Attacking Midfield,19,2500000,Stade Reims,ligue-1,13(13),1158.0,2,0.7,20.0,81.9,-,0.7,0.1,6.5
560483,1531,Randy,Nteka,Randy Nteka,Midfield,Attacking Midfield,25,2500000,Elche CF,laliga,0(10),109.0,-,0.1,6.4,76.6,-,0.1,-,6.03
74300,873,Luka,Milivojevic,Luka Milivojevic,Midfield,Defensive Midfield,31,2500000,Crystal Palace,premier-league,5(13),505.0,-,0.1,14.0,81.0,0.1,0.7,-,6.19
392959,2919,Andrea,Colpani,Andrea Colpani,Midfield,Central Midfield,23,2500000,AC Monza,serie-a,10(17),944.0,1,0.6,13.6,83.2,0.4,0.6,0.1,6.54
183780,89,Paul,Seguin,Paul Seguin,Midfield,Central Midfield,27,2200000,1.FC Union Berlin,bundesliga,4(16),677.0,3,0.5,15.3,70.3,0.4,0.6,0.2,6.41
204294,1148,Saman,Ghoddos,Saman Ghoddos,Midfield,Attacking Midfield,29,2200000,Brentford FC,premier-league,0(15),126.0,-,0.3,4.6,78.3,0.2,0.1,-,6.13
348601,1038,Mehdi,Léris,Mehdi Léris,Midfield,Right Midfield,24,2200000,UC Sampdoria,serie-a,29(3),2465.0,1,0.6,25.9,69.9,0.3,0.9,-,6.62
232144,89,Milos,Pantovic,Milos Pantovic,Midfield,Attacking Midfield,26,2200000,1.FC Union Berlin,bundesliga,0(13),195.0,-,-,5.4,64.3,0.1,0.2,-,6.12
178425,621,Dani,García,Dani García,Midfield,Central Midfield,32,2000000,Athletic Bilbao,laliga,18(7),1492.0,2,0.4,28.5,79.9,0.1,1.6,-,6.47
594997,3524,Yohann,Magnin,Yohann Magnin,Midfield,Defensive Midfield,25,2000000,Clermont Foot 63,ligue-1,25(13),2393.0,-,0.6,34.4,84.9,0.1,1.7,-,6.49
247250,2687,Rubén,Alcaraz,Rubén Alcaraz,Midfield,Central Midfield,31,2000000,Cádiz CF,laliga,22(9),2047.0,-,0.6,32.2,81.3,0.5,3.2,-,6.5
678479,3,Denis,Huseinbasic,Denis Huseinbasic,Midfield,Central Midfield,21,2000000,1.FC Köln,bundesliga,7(17),782.0,1,0.2,11.2,79.5,-,0.3,-,6.3
236041,1005,Alexis,Blin,Alexis Blin,Midfield,Defensive Midfield,26,2000000,US Lecce,serie-a,26(9),2380.0,-,0.4,26.1,81.3,0.1,0.8,-,6.6
79377,79,Genki,Haraguchi,Genki Haraguchi,Midfield,Attacking Midfield,31,2000000,VfB Stuttgart,bundesliga,6(5),499.0,-,0.6,14.1,76.8,-,0.5,-,6.41
539134,3522,Daniel,Maldini,Daniel Maldini,Midfield,Attacking Midfield,21,2000000,Spezia Calcio,serie-a,4(14),622.0,-,0.2,9.2,72.9,0.2,0.2,-,6.44
608832,60,Merlin,Röhl,Merlin Röhl,Midfield,Central Midfield,20,2000000,SC Freiburg,bundesliga,0(3),54.0,1,1.0,6.0,72.2,-,-,-,6.3
3333,31,James,Milner,James Milner,Midfield,Central Midfield,36,2000000,Liverpool FC,premier-league,7(24),893.0,1,0.4,19.6,81.4,0.4,1,-,6.34
333383,1158,Bonke,Innocent,Bonke Innocent,Midfield,Defensive Midfield,26,2000000,FC Lorient,ligue-1,14(11),1183.0,1,0.2,23.0,89.2,-,0.7,-,6.34
197473,749,Alberto,Grassi,Alberto Grassi,Midfield,Defensive Midfield,27,2000000,FC Empoli,serie-a,14(11),1193.0,-,0.2,22.3,81.3,-,0.9,-,6.51
61560,1003,Marc,Albrighton,Marc Albrighton,Midfield,Right Midfield,33,2000000,Leicester City,premier-league,1(5),233.0,-,1,18.7,68.8,1,0.3,-,6.46
59344,681,Asier,Illarramendi,Asier Illarramendi,Midfield,Defensive Midfield,32,2000000,Real Sociedad,laliga,13(11),1077.0,-,0.4,26.0,86.2,-,0.7,-,6.54
53536,410,Tolgay,Arslan,Tolgay Arslan,Midfield,Central Midfield,32,2000000,Udinese Calcio,serie-a,12(24),1197.0,-,0.4,15.8,83.2,0.1,1.3,-,6.28
536030,3302,Arnau,Puigmal,Arnau Puigmal,Midfield,Central Midfield,21,2000000,UD Almería,laliga,7(15),761.0,-,0.4,10.5,72.7,0.2,0.1,-,6.24
29364,543,João,Moutinho,João Moutinho,Midfield,Central Midfield,36,2000000,Wolverhampton Wanderers,premier-league,0(4),57.0,-,0.3,7.8,80.6,-,0.5,-,6.13
646733,3524,Jim,Allevinah,Jim Allevinah,Midfield,Right Midfield,27,2000000,Clermont Foot 63,ligue-1,25(11),2248.0,1,0.5,20.3,82.4,0.3,0.3,-,6.45
313830,2239,Pablo,Galdames,Pablo Galdames,Midfield,Central Midfield,26,2000000,US Cremonese,serie-a,10(3),740.0,2,0.8,21.3,72.9,0.5,1.6,-,6.48
266795,2687,Gonzalo,Escalante,Gonzalo Escalante,Midfield,Central Midfield,29,2000000,Cádiz CF,laliga,7(2),556.0,1,0.4,31.8,77.6,-,1.1,-,6.26
339829,80,Pierre,Kunde,Pierre Kunde,Midfield,Central Midfield,27,2000000,VfL Bochum,bundesliga,3(9),371.0,-,0.3,15,61.7,0.2,0.7,-,6.25
179635,80,Philipp,Förster,Philipp Förster,Midfield,Attacking Midfield,27,2000000,VfL Bochum,bundesliga,15(10),1313.0,7,1.1,18.2,78.9,1,0.8,0.1,6.6
263951,290,Hamza,Sakhi,Hamza Sakhi,Midfield,Attacking Midfield,26,2000000,AJ Auxerre,ligue-1,18(9),1660.0,2,1.4,31.5,86.4,0.8,3.7,0.1,6.63
95641,331,Darko,Brasanac,Darko Brasanac,Midfield,Central Midfield,30,2000000,CA Osasuna,laliga,9(16),1037.0,1,0.3,14.6,82.7,0.1,0.3,-,6.35
634431,681,Beñat,Turrientes,Beñat Turrientes,Midfield,Central Midfield,20,2000000,Real Sociedad,laliga,1(5),102.0,-,0.3,7.2,90.7,0.2,0.3,-,6.09
203842,3522,Viktor,Kovalenko,Viktor Kovalenko,Midfield,Attacking Midfield,26,2000000,Spezia Calcio,serie-a,7(11),549.0,-,0.3,12.3,81.5,0.3,0.4,-,6.19
123275,931,Tom,Cairney,Tom Cairney,Midfield,Central Midfield,31,2000000,Fulham FC,premier-league,6(27),971.0,-,0.4,21.4,88.0,0.2,1.0,-,6.3
574495,1005,Kristoffer,Askildsen,Kristoffer Askildsen,Midfield,Central Midfield,21,2000000,US Lecce,serie-a,7(14),724.0,-,0.3,11.6,63.9,0.2,0.9,-,6.21
88909,430,Riccardo,Saponara,Riccardo Saponara,Midfield,Attacking Midfield,31,2000000,ACF Fiorentina,serie-a,14(15),1207.0,3,0.7,14.4,75.7,0.3,0.3,-,6.47
610428,18,Oscar,Fraulo,Oscar Fraulo,Midfield,Central Midfield,19,2000000,Borussia Mönchengladbach,bundesliga,0(2),7.0,-,-,8.0,62.5,-,-,-,6.08
513031,237,Antonio,Sánchez,Antonio Sánchez,Midfield,Central Midfield,25,1800000,RCD Mallorca,laliga,11(21),1066.0,-,0.2,12.2,72.5,0.2,0.6,-,6.17
159098,415,Brecht,Dejaegere,Brecht Dejaegere,Midfield,Central Midfield,31,1800000,FC Toulouse,ligue-1,25(5),1827.0,1,0.6,21.1,81.0,-,0.8,0.2,6.5
118278,1095,Xavier,Chavalerin,Xavier Chavalerin,Midfield,Central Midfield,31,1800000,ESTAC Troyes,ligue-1,25(9),2422.0,2,0.6,30.0,83.7,0.3,1.3,0.1,6.62
265625,276,Ajdin,Hrustic,Ajdin Hrustic,Midfield,Attacking Midfield,26,1800000,Hellas Verona,serie-a,3(3),226.0,-,0.5,14.5,83.9,0.3,0.3,-,6.0
121257,399,Adam,Forshaw,Adam Forshaw,Midfield,Central Midfield,31,1800000,Leeds United,premier-league,5(7),478.0,-,0.7,18.5,84.2,0.6,1.2,-,6.26
489611,2919,Filippo,Ranocchia,Filippo Ranocchia,Midfield,Central Midfield,21,1800000,AC Monza,serie-a,5(9),528.0,-,0.5,17.1,81.3,0.3,1.4,-,6.41
464530,415,Theocharis,Tsingaras,Theocharis Tsingaras,Midfield,Central Midfield,22,1800000,FC Toulouse,ligue-1,0(1),7.0,-,1,5.0,80.0,-,-,-,6.18
153661,33,Tobias,Mohr,Tobias Mohr,Midfield,Left Midfield,27,1800000,FC Schalke 04,bundesliga,8(10),835.0,3,1.1,18.9,67.4,1.1,2.0,0.1,6.41
127142,1082,Jonas,Martin,Jonas Martin,Midfield,Defensive Midfield,32,1800000,LOSC Lille,ligue-1,2(10),272.0,-,0.3,18.7,84.4,0.2,1.1,-,6.22
801754,1147,Yanis,Cimignani,Yanis Cimignani,Midfield,Left Midfield,20,1800000,AC Ajaccio,ligue-1,3(5),276.0,-,0.4,11.6,69.9,0.3,0.4,-,6.27
92469,762,Matt,Ritchie,Matt Ritchie,Midfield,Right Midfield,33,1800000,Newcastle United,premier-league,0(7),35.0,-,0.1,4.1,79.3,0.1,0.1,-,6.12
400546,79,Nikolas,Nartey,Nikolas Nartey,Midfield,Central Midfield,22,1800000,VfB Stuttgart,bundesliga,5(4),472.0,-,0.4,26.3,81.4,0.1,0.9,-,6.37
474662,3911,Hugo,Magnetti,Hugo Magnetti,Midfield,Central Midfield,24,1800000,Stade Brestois 29,ligue-1,19(13),1688.0,2,0.4,22.8,84.8,0.2,1.6,-,6.46
167741,2919,Mattia,Valoti,Mattia Valoti,Midfield,Central Midfield,29,1700000,AC Monza,serie-a,4(12),445.0,-,0.2,10.2,74.2,0.1,0.4,-,6.25
168543,89,Levin,Öztunali,Levin Öztunali,Midfield,Central Midfield,26,1500000,1.FC Union Berlin,bundesliga,0(2),8.0,1,0.5,0.5,100.0,-,-,0.5,6.54
336828,1531,Pape,Cheikh,Pape Cheikh,Midfield,Central Midfield,25,1500000,Elche CF,laliga,1(2),36.0,-,-,6.3,73.7,-,-,-,5.88
216599,380,Domen,Crnigoj,Domen Crnigoj,Midfield,Central Midfield,27,1500000,US Salernitana 1919,serie-a,4(3),296.0,-,0.3,15.9,71.2,-,0.3,-,6.32
229853,290,Birama,Touré,Birama Touré,Midfield,Defensive Midfield,30,1500000,AJ Auxerre,ligue-1,38,3405.0,-,0.1,39.9,81.1,0.1,3.5,-,6.59
57051,533,Sebastian,Rudy,Sebastian Rudy,Midfield,Defensive Midfield,32,1500000,TSG 1899 Hoffenheim,bundesliga,6(16),790.0,1,0.6,18.1,78.9,0.7,0.9,-,6.34
443331,80,Patrick,Osterhage,Patrick Osterhage,Midfield,Central Midfield,22,1500000,VfL Bochum,bundesliga,11(12),1024.0,-,0.2,13.9,71.5,0.2,0.2,-,6.23
472243,79,Lilian,Egloff,Lilian Egloff,Midfield,Attacking Midfield,20,1500000,VfB Stuttgart,bundesliga,2(8),235.0,-,0.4,6.7,61.2,-,0.1,-,6.24
344576,290,Rayan,Raveloson,Rayan Raveloson,Midfield,Defensive Midfield,25,1500000,AJ Auxerre,ligue-1,27(7),2427.0,1,0.4,28.8,83.4,0.2,2.1,-,6.51
275249,86,Niklas,Schmidt,Niklas Schmidt,Midfield,Attacking Midfield,24,1500000,SV Werder Bremen,bundesliga,11(13),1084.0,-,0.7,23.4,76.5,0.4,2.6,-,6.62
787618,46,Valentín,Carboni,Valentín Carboni,Midfield,Attacking Midfield,17,1500000,Inter Milan,serie-a,0(5),21.0,-,0.2,3.2,75.0,-,-,-,6.04
355104,2919,José,Machín,José Machín,Midfield,Central Midfield,26,1500000,AC Monza,serie-a,11(14),1119.0,2,0.4,26.0,84.2,0.1,0.9,0.1,6.35
470815,33,Niklas,Tauer,Niklas Tauer,Midfield,Defensive Midfield,21,1500000,FC Schalke 04,bundesliga,0(3),92.0,-,-,18.0,88.9,0.3,0.3,-,6.19
638589,3709,Ángel,Algobia,Ángel Algobia,Midfield,Defensive Midfield,23,1500000,Getafe CF,laliga,11(15),1130.0,-,0.2,19.5,81.7,0.2,1.2,-,6.21
201040,2239,Marco,Benassi,Marco Benassi,Midfield,Central Midfield,28,1500000,US Cremonese,serie-a,11(4),996.0,-,0.5,20.9,75.1,0.5,1.0,-,6.47
270411,3524,Saîf-Eddine,Khaoui,Saîf-Eddine Khaoui,Midfield,Attacking Midfield,27,1500000,Clermont Foot 63,ligue-1,23(11),2036.0,3,1.1,19.1,73.1,0.3,0.7,-,6.74
25488,380,Antonio,Candreva,Antonio Candreva,Midfield,Right Midfield,35,1500000,US Salernitana 1919,serie-a,32(3),2741.0,4,1.6,35.7,79.7,1.5,2.0,0.1,6.68
315332,39,Aymen,Barkok,Aymen Barkok,Midfield,Central Midfield,24,1500000,1.FSV Mainz 05,bundesliga,3(20),571.0,1,0.3,10.5,71.9,0.1,0.3,0.1,6.27
562049,12,Edoardo,Bove,Edoardo Bove,Midfield,Central Midfield,20,1500000,AS Roma,serie-a,10(12),990.0,-,0.3,17.3,77.4,-,0.3,-,6.34
20506,150,Andrés,Guardado,Andrés Guardado,Midfield,Central Midfield,36,1500000,Real Betis Balompié,laliga,16(10),1376.0,1,0.5,32.7,85.2,0.2,2.6,0.1,6.51
810096,583,Ismaël,Gharbi,Ismaël Gharbi,Midfield,Attacking Midfield,18,1500000,Paris Saint-Germain,ligue-1,0(6),53.0,-,-,6.0,88.9,-,-,-,6.2
43530,1237,Adam,Lallana,Adam Lallana,Midfield,Attacking Midfield,34,1500000,Brighton & Hove Albion,premier-league,12(4),730.0,1,0.9,19.4,83.2,0.1,0.1,-,6.45
876400,410,Simone,Pafundi,Simone Pafundi,Midfield,Attacking Midfield,16,1500000,Udinese Calcio,serie-a,0(8),76.0,-,0.4,7.8,83.9,-,0.6,-,6.19
146680,2919,Andrea,Barberis,Andrea Barberis,Midfield,Defensive Midfield,29,1300000,AC Monza,serie-a,3(6),332.0,1,0.4,17.9,85.7,0.2,0.6,-,6.2
131731,3522,Mehdi,Bourabia,Mehdi Bourabia,Midfield,Defensive Midfield,31,1300000,Spezia Calcio,serie-a,36(1),2796.0,3,1.0,32.5,79.9,0.4,1.2,0.1,6.52
298635,380,Grigoris,Kastanos,Grigoris Kastanos,Midfield,Central Midfield,24,1300000,US Salernitana 1919,serie-a,13(15),1280.0,1,0.5,19.4,77.7,0.2,0.8,-,6.49
592979,1420,Himad,Abdelli,Himad Abdelli,Midfield,Attacking Midfield,23,1200000,Angers SCO,ligue-1,24(6),2141.0,2,1.2,40.1,85.1,0.4,2.1,0.1,6.78
139435,237,Dani,Rodríguez,Dani Rodríguez,Midfield,Attacking Midfield,34,1200000,RCD Mallorca,laliga,26(9),2115.0,6,0.7,18.5,82.0,0.2,1.1,0.1,6.6
371003,1095,Ante,Palaversa,Ante Palaversa,Midfield,Central Midfield,22,1200000,ESTAC Troyes,ligue-1,0(2),29.0,-,1.0,7.5,93.3,-,0.5,-,6.73
470618,415,Denis,Genreau,Denis Genreau,Midfield,Attacking Midfield,23,1200000,FC Toulouse,ligue-1,7(13),654.0,1,0.3,15.2,78.2,0.2,0.4,-,6.35
280387,415,Vincent,Sierro,Vincent Sierro,Midfield,Central Midfield,27,1200000,FC Toulouse,ligue-1,7(8),662.0,-,0.7,25.2,82.3,0.5,1.3,-,6.39
195605,367,José,Pozo,José Pozo,Midfield,Attacking Midfield,26,1200000,Rayo Vallecano,laliga,1(7),82.0,-,0.3,5.1,82.9,-,-,0.1,6.1
353404,290,Gaëtan,Perrin,Gaëtan Perrin,Midfield,Right Midfield,26,1200000,AJ Auxerre,ligue-1,15(22),1388.0,1,0.7,10.8,75.7,0.3,0.7,-,6.47
650350,969,Léo,Leroy,Léo Leroy,Midfield,Central Midfield,22,1200000,Montpellier HSC,ligue-1,14(13),1189.0,-,0.4,18.7,76.2,0.1,1,-,6.45
538045,290,Kays,Ruiz-Atil,Kays Ruiz-Atil,Midfield,Central Midfield,20,1200000,AJ Auxerre,ligue-1,1,63.0,-,-,29.0,89.7,-,-,-,6.45
67808,12321,Borja,García,Borja García,Midfield,Attacking Midfield,32,1000000,Girona FC,laliga,10(1),686.0,-,0.5,23.9,82.1,0.1,0.5,-,6.55
864799,31,Stefan,Bajcetic,Stefan Bajcetic,Midfield,Defensive Midfield,18,1000000,Liverpool FC,premier-league,6(5),527.0,-,0.4,23.0,78.7,0.1,1.1,-,6.54
60542,3524,Maxime,Gonalons,Maxime Gonalons,Midfield,Defensive Midfield,33,1000000,Clermont Foot 63,ligue-1,19(6),1457.0,-,0.4,33.1,88.6,-,2.3,-,6.55
341278,12321,Iván,Martín,Iván Martín,Midfield,Attacking Midfield,23,1000000,Girona FC,laliga,18(6),1592.0,3,0.7,26.9,85.1,0.3,0.5,-,6.55
822959,533,Tom,Bischof,Tom Bischof,Midfield,Attacking Midfield,17,1000000,TSG 1899 Hoffenheim,bundesliga,3(8),311.0,-,0.5,10.3,72.6,0.1,0.4,0.1,6.19
789898,533,Muhammed,Damar,Muhammed Damar,Midfield,Attacking Midfield,18,1000000,TSG 1899 Hoffenheim,bundesliga,1(5),157.0,-,0.5,10.2,85.2,-,-,-,6.04
60889,1025,Gary,Medel,Gary Medel,Midfield,Defensive Midfield,35,1000000,Bologna FC 1909,serie-a,17(12),1477.0,1,0.2,37.8,89.8,-,2.3,-,6.39
564451,2687,Youba,Diarra,Youba Diarra,Midfield,Central Midfield,24,1000000,Cádiz CF,laliga,1(4),95.0,-,0.4,9.8,81.6,-,0.6,0.2,6.01
631007,276,Filippo,Terracciano,Filippo Terracciano,Midfield,Right Midfield,19,1000000,Hellas Verona,serie-a,7(13),816.0,1,0.4,13.7,72.6,0.3,0.7,0.1,6.39
419025,379,Conor,Coventry,Conor Coventry,Midfield,Defensive Midfield,22,1000000,West Ham United,premier-league,0(1),1.0,-,-,-,-,-,-,-,6.0
138171,290,Mathias,Autret,Mathias Autret,Midfield,Attacking Midfield,31,1000000,AJ Auxerre,ligue-1,16(7),1302.0,2,1.2,22.6,81.1,0.9,2.7,0.1,6.56
167472,290,Youssouf,M'Changama,Youssouf M'Changama,Midfield,Attacking Midfield,32,1000000,AJ Auxerre,ligue-1,11(15),1079.0,-,0.4,17.3,82.5,0.4,0.9,0.1,6.29
153678,3,Kingsley,Schindler,Kingsley Schindler,Midfield,Right Midfield,29,1000000,1.FC Köln,bundesliga,8(21),1072.0,1,0.3,13.8,70.8,0.2,0.5,-,6.29
94199,44,Tolga,Cigerci,Tolga Cigerci,Midfield,Defensive Midfield,30,1000000,Hertha BSC,bundesliga,10(1),681.0,1,0.5,35.8,81.2,0.5,1.0,-,6.35
53400,33,Dominick,Drexler,Dominick Drexler,Midfield,Attacking Midfield,32,900000,FC Schalke 04,bundesliga,16(11),1370.0,3,0.7,16.1,69.2,0.4,0.6,-,6.41
101213,6574,Pedro,Obiang,Pedro Obiang,Midfield,Central Midfield,30,900000,US Sassuolo,serie-a,11(6),881.0,1,0.2,25.6,83.4,-,1.9,-,6.38
690429,60,Robert,Wagner,Robert Wagner,Midfield,Central Midfield,19,900000,SC Freiburg,bundesliga,0(4),36.0,-,-,3.8,46.7,-,-,-,5.97
72479,237,Clément,Grenier,Clément Grenier,Midfield,Central Midfield,31,900000,RCD Mallorca,laliga,6(15),714.0,-,0.6,15.2,78.1,0.3,0.8,-,6.21
654872,24,Marcel,Wenig,Marcel Wenig,Midfield,Central Midfield,18,800000,Eintracht Frankfurt,bundesliga,0(1),3.0,-,-,10.0,90,-,-,-,5.98
75942,1038,Tomás,Rincón,Tomás Rincón,Midfield,Defensive Midfield,34,800000,UC Sampdoria,serie-a,30(4),2566.0,2,0.6,35.8,83.0,0.2,2.5,-,6.39
830265,995,Lohann,Doucet,Lohann Doucet,Midfield,Defensive Midfield,20,800000,FC Nantes,ligue-1,0(9),84.0,-,0.1,8.7,84.6,-,0.7,-,6.15
691482,749,Jacopo,Fazzini,Jacopo Fazzini,Midfield,Central Midfield,19,800000,FC Empoli,serie-a,8(13),818.0,-,0.4,14.8,81.0,0.1,0.2,-,6.34
72121,3524,Johan,Gastien,Johan Gastien,Midfield,Defensive Midfield,34,800000,Clermont Foot 63,ligue-1,29(2),2607.0,3,0.9,65.3,84.7,0.7,5.3,0.1,6.79
49275,3522,Albin,Ekdal,Albin Ekdal,Midfield,Defensive Midfield,33,800000,Spezia Calcio,serie-a,18(13),1732.0,2,0.3,25.0,77.8,0.1,0.6,-,6.37
490581,3,Mathias,Olesen,Mathias Olesen,Midfield,Central Midfield,21,800000,1.FC Köln,bundesliga,6(8),476.0,-,0.1,11.0,79.2,0.1,0.6,-,6.1
61644,703,Jack,Colback,Jack Colback,Midfield,Defensive Midfield,33,800000,Nottingham Forest,premier-league,4(7),495.0,-,0.2,12.8,83.0,0.1,0.5,-,6.27
973085,1082,Carlos,Baleba,Carlos Baleba,Midfield,Central Midfield,18,800000,LOSC Lille,ligue-1,5(14),472.0,-,0.1,15.7,83.6,-,1.3,-,6.27
41416,873,James,McArthur,James McArthur,Midfield,Central Midfield,35,700000,Crystal Palace,premier-league,0(4),51.0,-,-,13.0,78.8,-,0.3,-,6.13
16922,44,Kevin-Prince,Boateng,Kevin-Prince Boateng,Midfield,Attacking Midfield,35,700000,Hertha BSC,bundesliga,5(11),463.0,-,0.2,14.6,74.8,0.1,0.5,-,6.09
195335,2239,Michele,Castagnetti,Michele Castagnetti,Midfield,Defensive Midfield,33,700000,US Cremonese,serie-a,14(13),1415.0,1,1,28.0,80.6,0.4,1.4,0.1,6.45
668606,667,Yuito,Suzuki,Yuito Suzuki,Midfield,Attacking Midfield,21,700000,RC Strasbourg Alsace,ligue-1,0(3),34.0,-,-,4.3,84.6,-,0.3,-,6.46
715470,416,Brian,Bayeye,Brian Bayeye,Midfield,Right Midfield,22,700000,Torino FC,serie-a,1(1),63.0,-,0.5,18.0,55.6,0.5,1.5,-,6.31
43848,276,Miguel,Veloso,Miguel Veloso,Midfield,Defensive Midfield,36,700000,Hellas Verona,serie-a,14(8),1169.0,-,0.9,24.0,76.2,1,1.9,-,6.39
314940,667,Dimitri,Liénard,Dimitri Liénard,Midfield,Left Midfield,34,600000,RC Strasbourg Alsace,ligue-1,18(10),1546.0,-,1.1,27.1,78.5,1.3,2.2,-,6.52
34787,167,Julian,Baumgartlinger,Julian Baumgartlinger,Midfield,Defensive Midfield,34,600000,FC Augsburg,bundesliga,3(13),547.0,-,0.1,14.1,83.1,0.1,0.8,-,6.17
650966,2919,Samuele,Vignato,Samuele Vignato,Midfield,Attacking Midfield,18,600000,AC Monza,serie-a,0(5),56.0,1,0.4,6.6,87.9,0.2,0.2,-,6.26
18934,1147,Thomas,Mangani,Thomas Mangani,Midfield,Central Midfield,35,600000,AC Ajaccio,ligue-1,14(12),1329.0,1,1,31.7,73.7,0.9,3.2,0.1,6.32
671915,506,Enzo,Barrenechea,Enzo Barrenechea,Midfield,Defensive Midfield,21,600000,Juventus FC,serie-a,3,161.0,-,0.3,38.0,85.1,-,1.0,-,6.47
39025,33,Danny,Latza,Danny Latza,Midfield,Central Midfield,33,600000,FC Schalke 04,bundesliga,8(12),845.0,1,0.2,18.6,81.7,0.3,0.7,-,6.16
717465,79,Laurin,Ulrich,Laurin Ulrich,Midfield,Attacking Midfield,17,500000,VfB Stuttgart,bundesliga,0(1),5.0,-,-,4.0,100.0,-,-,-,6.07
111266,80,Anthony,Losilla,Anthony Losilla,Midfield,Defensive Midfield,36,500000,VfL Bochum,bundesliga,31,2725.0,2,0.5,30.6,68.3,0.1,1.2,-,6.7
782630,969,Khalil,Fayad,Khalil Fayad,Midfield,Central Midfield,18,500000,Montpellier HSC,ligue-1,7(17),707.0,2,0.5,13.7,84.8,0.1,0.5,0.1,6.34
745181,162,Soungoutou,Magassa,Soungoutou Magassa,Midfield,Defensive Midfield,19,500000,AS Monaco,ligue-1,0(2),80.0,-,-,16.5,81.8,-,2,-,6.4
503975,543,Joe,Hodge,Joe Hodge,Midfield,Defensive Midfield,20,500000,Wolverhampton Wanderers,premier-league,1(5),174.0,-,0.2,15.8,82.1,-,0.5,-,5.99
58396,86,Christian,Groß,Christian Groß,Midfield,Defensive Midfield,33,500000,SV Werder Bremen,bundesliga,23(3),1902.0,1,0.2,32.7,81.2,0.1,1.2,-,6.51
775605,13,Pablo,Barrios,Pablo Barrios,Midfield,Central Midfield,19,500000,Atlético de Madrid,laliga,6(15),716.0,1,0.2,20.9,83.4,-,0.7,-,6.31
624436,1038,Gerard,Yepes,Gerard Yepes,Midfield,Defensive Midfield,20,500000,UC Sampdoria,serie-a,2(3),198.0,-,0.2,21.0,73.3,-,0.4,-,6.14
810093,1158,Ayman,Kari,Ayman Kari,Midfield,Central Midfield,18,500000,FC Lorient,ligue-1,0(5),91.0,-,0.2,14.6,91.8,-,0.4,-,6.22
528888,931,Tyrese,Francois,Tyrese Francois,Midfield,Central Midfield,22,500000,Fulham FC,premier-league,0(1),1.0,-,-,2,100,-,-,-,6.0
680447,1420,Waniss,Taïbi,Waniss Taïbi,Midfield,Attacking Midfield,20,500000,Angers SCO,ligue-1,1(10),180.0,-,0.1,13.5,89.9,-,0.2,0.1,6.13
795431,3522,Tio,Cipot,Tio Cipot,Midfield,Central Midfield,19,500000,Spezia Calcio,serie-a,0(8),133.0,-,0.4,6.0,72.9,0.1,-,-,6.19
659518,3911,Félix,Lemaréchal,Félix Lemaréchal,Midfield,Central Midfield,19,500000,Stade Brestois 29,ligue-1,2(11),278.0,-,0.5,8.1,81.9,0.2,0.2,-,6.12
96806,3522,Jacopo,Sala,Jacopo Sala,Midfield,Central Midfield,31,500000,Spezia Calcio,serie-a,1(5),108.0,-,0.2,6.8,82.9,0.2,0.3,-,5.99
679754,1025,Niklas,Pyyhtiä,Niklas Pyyhtiä,Midfield,Central Midfield,19,400000,Bologna FC 1909,serie-a,0(6),103.0,1,0.3,8.7,76.9,-,0.2,-,6.16
452068,15,Ayman,Azhil,Ayman Azhil,Midfield,Defensive Midfield,21,400000,Bayer 04 Leverkusen,bundesliga,0(1),1.0,-,-,-,-,-,-,-,6.0
785353,331,Pablo,Ibáñez,Pablo Ibáñez,Midfield,Central Midfield,24,400000,CA Osasuna,laliga,12(13),1061.0,1,0.4,15.1,74.1,-,0.8,-,6.37
891379,667,Nordine,Kandil,Nordine Kandil,Midfield,Attacking Midfield,21,400000,RC Strasbourg Alsace,ligue-1,0(7),94.0,1,0.3,8.0,75.0,0.1,-,-,6.33
907813,681,Pablo,Marín,Pablo Marín,Midfield,Attacking Midfield,19,400000,Real Sociedad,laliga,3(7),356.0,-,0.6,16.4,78.0,-,0.3,0.1,6.3
564305,416,Michel,Adopo,Michel Adopo,Midfield,Central Midfield,22,400000,Torino FC,serie-a,3(6),260.0,-,0.1,15.7,86.5,-,0.2,-,6.28
602124,430,Alessandro,Bianco,Alessandro Bianco,Midfield,Central Midfield,20,350000,ACF Fiorentina,serie-a,2(5),151.0,-,0.1,11.0,87.0,-,1,-,6.12
612065,6195,Karim,Zedadka,Karim Zedadka,Midfield,Left Midfield,22,300000,SSC Napoli,serie-a,0(3),19.0,-,-,4.0,66.7,-,0.3,-,6.04
214532,1420,Pierrick,Capelle,Pierrick Capelle,Midfield,Left Midfield,35,300000,Angers SCO,ligue-1,15(11),1424.0,3,0.5,24.9,86.6,0.5,1,-,6.36
820374,985,Kobbie,Mainoo,Kobbie Mainoo,Midfield,Central Midfield,17,300000,Manchester United,premier-league,0(1),10.0,-,-,8.0,87.5,-,-,-,6.11
787907,12,Benjamin,Tahirovic,Benjamin Tahirovic,Midfield,Central Midfield,19,250000,AS Roma,serie-a,4(7),352.0,-,0.4,13.6,86.7,0.2,0.5,-,6.26
39914,1147,Mathieu,Coutadeur,Mathieu Coutadeur,Midfield,Central Midfield,36,250000,AC Ajaccio,ligue-1,22(5),1951.0,-,0.4,43.9,84.6,-,2.9,0.1,6.24
418662,1147,Florian,Chabrolle,Florian Chabrolle,Midfield,Attacking Midfield,24,250000,AC Ajaccio,ligue-1,3(4),325.0,-,-,19.6,87.6,-,0.1,-,6.04
802512,3522,Julius,Beck,Julius Beck,Midfield,Central Midfield,17,250000,Spezia Calcio,serie-a,0(1),9.0,-,-,5.0,100.0,-,-,-,6.03
698110,1038,Lorenzo,Malagrida,Lorenzo Malagrida,Midfield,Left Midfield,19,250000,UC Sampdoria,serie-a,0(6),105.0,-,0.3,6.5,76.9,0.2,-,-,6.07
663189,39,Eniss,Shabani,Eniss Shabani,Midfield,Central Midfield,19,200000,1.FSV Mainz 05,bundesliga,0(1),9.0,-,-,6.0,83.3,-,-,-,5.86
664973,86,Dikeni,Salifou,Dikeni Salifou,Midfield,Defensive Midfield,19,200000,SV Werder Bremen,bundesliga,0(1),1.0,-,-,-,-,-,-,-,6.0
569031,533,Umut,Tohumcu,Umut Tohumcu,Midfield,Central Midfield,18,200000,TSG 1899 Hoffenheim,bundesliga,2(6),268.0,-,0.3,9.6,71.4,-,0.5,-,6.19
405393,33,Soichiro,Kozuki,Soichiro Kozuki,Midfield,Right Midfield,22,150000,FC Schalke 04,bundesliga,5,383.0,-,0.8,13.8,68.1,0.8,0.8,-,6.82
982855,417,Reda,Belahyane,Reda Belahyane,Midfield,Defensive Midfield,18,150000,OGC Nice,ligue-1,1(3),179.0,-,0.3,28.3,90.3,-,0.8,-,6.47
926235,1421,Samuel,Koeberlé,Samuel Koeberlé,Midfield,Defensive Midfield,18,150000,Stade Reims,ligue-1,0(1),2.0,-,-,5.0,100.0,-,-,-,6.13
610881,2239,Christian,Acella,Christian Acella,Midfield,Central Midfield,20,150000,US Cremonese,serie-a,0(1),14.0,-,-,9.0,100,-,-,-,5.91
622801,1038,Flavio,Paoletti,Flavio Paoletti,Midfield,Defensive Midfield,19,100000,UC Sampdoria,serie-a,1(11),279.0,-,0.1,13.6,82.8,-,0.9,-,6.07
939964,1420,Jean-Mattéo,Bahoya,Jean-Mattéo Bahoya,Midfield,Attacking Midfield,17,100000,Angers SCO,ligue-1,2(8),266.0,-,0.3,8.0,86.3,-,-,-,6.11
743496,290,Kévin,Danois,Kévin Danois,Midfield,Attacking Midfield,18,100000,AJ Auxerre,ligue-1,0(1),1.0,-,-,1.0,100.0,-,-,-,6.27
613539,398,Marco,Bertini,Marco Bertini,Midfield,Defensive Midfield,20,100000,SS Lazio,serie-a,0(1),1.0,-,-,-,-,-,-,-,6.0
915849,3524,Yanis,Massolin,Yanis Massolin,Midfield,Central Midfield,20,100000,Clermont Foot 63,ligue-1,0(6),54.0,-,-,6.5,76.9,-,0.2,-,6.13
